电影名,评分,评分人数,想看人数,物料播放量,总票房,首周票房,首日票房
我和我的祖国,9.7,1176000 ,578000 ,28330000 ,3170315000,2086937000,290247000
绝杀慕尼黑,9.5,62000 ,21000 ,6510000 ,91815000,19865000,2282000
海蒂和爷爷,9.5,18000 ,17000 ,6920000 ,20932000,10134000,1257000
古田军号,9.5,15000 ,8338 ,9530000 ,58201000,12083000,5922000
尺八・一声一世,9.5,2014 ,5865 ,800000 ,3764000,716000,311000
中国机长,9.4,1587000 ,561000 ,31850000 ,2912384000,1766373000,209282000
攀登者,9.4,632000 ,559000 ,95750000 ,1097581000,730876000,168979000
叶问4：完结篇,9.4,516000 ,295000 ,57570000 ,1181920000,328989000,97763000
银河补习班,9.4,785000 ,222000 ,100000000 ,878288000,357363000,64712000
烈火英雄,9.4,1346000 ,164000 ,19970000 ,1706636000,517459000,122298000
误杀,9.4,558000 ,41000 ,11560000 ,1207025000,203866000,46850000
波西米亚狂想曲,9.4,57000 ,38000 ,7380000 ,99079000,41813000,10318000
航海王：狂热行动,9.3,267000 ,343000 ,8890000 ,204947000,140349000,47028000
千与千寻,9.3,292000 ,247000 ,20370000 ,488281000,192340000,54609000
罗小黑战记,9.3,285000 ,167000 ,29620000 ,315106000,84159000,45552000
海上钢琴师,9.3,76000 ,62000 ,8890000 ,143760000,63507000,14614000
雪人奇缘,9.3,63000 ,59000 ,34370000 ,139647000,83270000,21144000
老师・好,9.3,243000 ,48000 ,10160000 ,355660000,80770000,16918000
游戏人生 零,9.3,43000 ,39000 ,1760000 ,13950000,9912000,5021000
坂本龙一：终曲,9.3,3545 ,8805 ,3150000 ,5022000,2633000,528000
一个母亲的复仇,9.2,82000 ,52000 ,3110000 ,112942000,39804000,10262000
无所不能,9.2,34000 ,16000 ,3240000 ,35436000,22207000,3067000
卡拉斯：为爱而声,9.2,550 ,397 ,60000 ,840000,264000,77000
复仇者联盟4：终局之战,9.1,1666000 ,1850000 ,130000000 ,4250130000,2232837000,537741000
大黄蜂,9.1,640000 ,170000 ,92740000 ,1149727000,405599000,111020000
熊出没・原始时代,9.1,349000 ,92000 ,90170000 ,717360000,424951000,74071000
我的英雄学院：两位英雄,9.1,51000 ,89000 ,4580000 ,38765000,31743000,10530000
小Q,9.1,89000 ,84000 ,12040000 ,113167000,57175000,17291000
玩具总动员4,9.1,63000 ,68000 ,15010000 ,200733000,91428000,18078000
龙珠超：布罗利,9.1,43000 ,67000 ,10530000 ,31648000,21173000,6598000
港珠澳大桥,9.1,5000 ,39000 ,1170000 ,7552000,1067000,431000
德鲁大叔,9.1,19000 ,32000 ,510000 ,12097000,7047000,2468000
触不可及,9.1,14000 ,25000 ,840000 ,23936000,15445000,4996000
“大”人物,9.1,249000 ,25000 ,4460000 ,380952000,125397000,14801000
决胜时刻,9.1,24000 ,21000 ,83340000 ,124412000,47320000,14411000
调音师,9.1,163000 ,15000 ,36940000 ,325210000,91339000,7212000
进京城,9.1,11000 ,13000 ,2720000 ,14682000,3493000,1861000
音乐家,9.1,3843 ,4635 ,1710000 ,4980000,631000,311000
大河唱,9.1,952 ,1268 ,160000 ,2527000,1348000,339000
蜘蛛侠：英雄远征,9,688000 ,502000 ,63810000 ,1417691000,677364000,225531000
天气之子,9,390000 ,387000 ,12390000 ,288714000,156379000,46790000
使徒行者2：谍影行动,9,400000 ,368000 ,9360000 ,702166000,432917000,174811000
扫毒2天地对决,9,684000 ,321000 ,45500000 ,1312874000,438510000,134565000
夏目友人帐,9,136000 ,234000 ,11160000 ,115267000,84206000,19497000
沉睡魔咒2,9,211000 ,233000 ,8560000 ,346144000,161233000,36594000
驯龙高手3,9,152000 ,200000 ,40300000 ,367960000,219231000,55698000
阿丽塔：战斗天使,9,418000 ,172000 ,41970000 ,896925000,436322000,126145000
反贪风暴4,9,392000 ,161000 ,8450000 ,799041000,354771000,79688000
朝花夕誓-于离别之朝束起约定之花,9,32000 ,76000 ,12110000 ,17245000,10736000,3578000
命运之夜――天之杯II ：迷失之蝶,9,62000 ,63000 ,8790000 ,29696000,22322000,10956000
阿拉丁,9,143000 ,48000 ,14880000 ,368169000,129518000,28142000
决战中途岛,9,129000 ,35000 ,31030000 ,294181000,111480000,29487000
半个喜剧,9,89000 ,35000 ,21430000 ,188395000,46896000,12492000
一条狗的回家路,9,26000 ,25000 ,9880000 ,36447000,19920000,7156000
天使陷落,9,27000 ,18000 ,1890000 ,66939000,42384000,11760000
四个春天,9,7862 ,8089 ,3670000 ,11470000,3136000,712000
天上再见,9,4348 ,7248 ,420000 ,2605000,1163000,205000
宠爱,8.9,309000 ,295000 ,30180000 ,683797000,437119000,172302000
冰雪奇缘2,8.9,320000 ,204000 ,27780000 ,860721000,375611000,74068000
犯罪现场,8.9,116000 ,111000 ,18080000 ,255014000,106588000,53145000
爱宠大机密2,8.9,78000 ,105000 ,59170000 ,154236000,71879000,18405000
催眠・裁决,8.9,54000 ,97000 ,21010000 ,98324000,54859000,20031000
愤怒的小鸟2,8.9,73000 ,48000 ,27700000 ,140461000,65487000,20023000
小飞象,8.9,56000 ,42000 ,10440000 ,147718000,72385000,12898000
今夜在浪漫剧场,8.9,12000 ,29000 ,2560000 ,12315000,10007000,6561000
骡子,8.9,6284 ,15000 ,660000 ,10801000,6992000,857000
钢铁飞龙之奥特曼崛起,8.9,25000 ,13000 ,13830000 ,44654000,11615000,3247000
养家之人,8.9,4517 ,12000 ,9770000 ,6384000,3923000,1383000
祈祷落幕时,8.9,47000 ,11000 ,890000 ,67644000,29497000,8127000
小羊肖恩2：末日农场,8.9,6206 ,9336 ,3130000 ,17278000,9380000,5463000
为国而歌,8.9,6329 ,8859 ,330000 ,8024000,468000,324000
巧虎大飞船历险记,8.9,6035 ,5535 ,1030000 ,23892000,14474000,9951000
当我们海阔天空,8.9,4376 ,3949 ,100000 ,2067000,1646000,912000
真爱百分百,8.9,936 ,3055 ,860000 ,1090000,802000,295000
飞驰人生,8.8,838000 ,382000 ,130000000 ,1728209000,1053867000,321949000
狮子王,8.8,329000 ,192000 ,43320000 ,833987000,375421000,96991000
五月天人生无限公司,8.8,47000 ,57000 ,2980000 ,50221000,30231000,10317000
地久天长,8.8,38000 ,41000 ,15060000 ,45228000,24550000,6625000
受益人,8.8,91000 ,36000 ,31230000 ,219254000,102852000,28209000
利刃出鞘,8.8,70000 ,32000 ,6080000 ,200292000,95402000,19236000
唐顿庄园,8.8,10000 ,27000 ,12820000 ,22606000,11705000,3010000
尼斯大冒险,8.8,1460 ,17000 ,330000 ,4589000,2835000,1572000
邻座的怪同学,8.8,5166 ,15000 ,240000 ,2365000,1637000,571000
企鹅公路,8.8,5201 ,12000 ,4650000 ,3345000,2416000,958000
巴比龙,8.8,1036 ,5454 ,90000 ,1374000,1054000,693000
二凤,8.8,2142 ,5234 ,1270000 ,640000,434000,219000
神奇乐园历险记,8.8,15000 ,4779 ,4460000 ,47709000,22334000,2549000
欢迎来北方II,8.8,786 ,2599 ,120000 ,959000,653000,350000
太阳升起的时刻,8.8,1144 ,934 ,70000 ,12424000,2690000,1752000
惊奇队长,8.7,418000 ,433000 ,33350000 ,1035165000,598261000,215432000
全职高手之巅峰荣耀,8.7,161000 ,274000 ,17920000 ,85603000,65394000,34873000
小小的愿望,8.7,203000 ,241000 ,34770000 ,286188000,155797000,60689000
名侦探柯南：绀青之拳,8.7,238000 ,200000 ,21480000 ,231996000,161440000,73858000
最好的我们,8.7,304000 ,123000 ,30030000 ,417536000,177258000,25198000
我想吃掉你的胰脏,8.7,43000 ,62000 ,4490000 ,23904000,13614000,5740000
哆啦A梦：大雄的月球探险记,8.7,57000 ,60000 ,4640000 ,131416000,91723000,68414000
机动战士高达NT,8.7,11000 ,26000 ,1380000 ,8708000,6696000,3194000
赛尔号大电影7：疯狂机器城,8.7,20000 ,26000 ,2110000 ,30459000,15912000,5455000
女王的柯基,8.7,12000 ,24000 ,5150000 ,15366000,12040000,3526000
海市蜃楼,8.7,58000 ,23000 ,7730000 ,110884000,65515000,5349000
亲密旅行,8.7,6522 ,21000 ,1290000 ,3911000,2618000,1786000
22年后的自白,8.7,5461 ,15000 ,1680000 ,5346000,3353000,1211000
徒手攀岩,8.7,14000 ,13000 ,11640000 ,36413000,19754000,6925000
潜艇总动员：外星宝贝计划,8.7,7616 ,9052 ,2840000 ,23986000,17061000,12781000
三傻闹地球,8.7,2845 ,8357 ,670000 ,4881000,4029000,2375000
他们已不再变老,8.7,2671 ,7609 ,2000000 ,3342000,2487000,493000
速度与激情：特别行动,8.6,621000 ,634000 ,69030000 ,1434665000,712963000,249054000
大侦探皮卡丘,8.6,275000 ,281000 ,44630000 ,640705000,278225000,76423000
终结者：黑暗命运,8.6,147000 ,149000 ,55140000 ,355282000,197640000,63867000
若能与你共乘海浪之上,8.6,22000 ,97000 ,1610000 ,13960000,10394000,7243000
密室逃生,8.6,134000 ,24000 ,6770000 ,232774000,57134000,12812000
萤火奇兵2：小虫不好惹,8.6,2493 ,14000 ,1010000 ,4544000,2963000,1474000
奎迪：英雄再起,8.6,17000 ,14000 ,7540000 ,17136000,11580000,3953000
花椒之味,8.6,7833 ,13000 ,3850000 ,1836000,1243000,752000
托马斯大电影之世界探险记,8.6,5261 ,8164 ,910000 ,19715000,14847000,3921000
罗马,8.6,2731 ,7566 ,6610000 ,5097000,2692000,709000
燃点,8.6,3559 ,3460 ,2100000 ,8642000,1922000,533000
疯狂的外星人,8.5,997000 ,460000 ,98520000 ,2213212000,1461769000,410197000
哥斯拉2：怪兽之王,8.5,442000 ,325000 ,48610000 ,937413000,468178000,135550000
未来机器城,8.5,15000 ,107000 ,6800000 ,16875000,12591000,5370000
一吻定情,8.5,161000 ,82000 ,39960000 ,173908000,131243000,91519000
友情以上,8.5,37000 ,67000 ,9310000 ,52227000,22736000,4643000
只有芸知道,8.5,66000 ,45000 ,14400000 ,159715000,69415000,21555000
特警队,8.5,30000 ,32000 ,16160000 ,57099000,44294000,19409000
冰雪女王4：魔镜世界,8.5,12000 ,28000 ,7410000 ,23566000,13421000,4514000
罗宾汉：起源,8.5,3874 ,22000 ,7420000 ,4515000,3605000,1795000
乐高大电影2,8.5,8302 ,16000 ,1500000 ,18438000,15444000,2060000
平原上的夏洛克,8.5,9662 ,12000 ,1980000 ,9443000,5069000,2155000
森林奇缘,8.5,4294 ,8739 ,960000 ,7979000,3352000,1155000
隧道尽头,8.5,8632 ,7764 ,440000 ,8150000,4991000,2180000
红星照耀中国,8.5,6557 ,4097 ,530000 ,34700000,6941000,2408000
命运之夜――天之杯：恶兆之花,8.4,67000 ,56000 ,9590000 ,31684000,24631000,11428000
铤而走险,8.4,27000 ,33000 ,11260000 ,44283000,29978000,11858000
妈阁是座城,8.4,32000 ,31000 ,8480000 ,51967000,28258000,10360000
雪暴,8.4,19000 ,27000 ,25690000 ,28203000,19704000,5181000
长安道,8.4,10000 ,20000 ,16040000 ,26143000,19619000,9497000
最长1枪,8.4,9530 ,19000 ,3080000 ,8097000,5810000,3403000
那一夜，我给你开过车,8.4,1350 ,19000 ,1550000 ,1164000,757000,572000
精灵怪物：疯狂之旅,8.4,4009 ,17000 ,3670000 ,6265000,4718000,838000
八子,8.4,6740 ,13000 ,2830000 ,20764000,2757000,1448000
萌宠特工队,8.4,3695 ,9964 ,540000 ,8507000,7724000,595000
昨日奇迹,8.4,1083 ,6179 ,8100000 ,1218000,707000,233000
鼠胆英雄,8.3,79000 ,100000 ,35440000 ,101665000,60622000,25556000
大约在冬季,8.3,148000 ,76000 ,30320000 ,227691000,92567000,29056000
吹哨人,8.3,33000 ,55000 ,3490000 ,50250000,30290000,9345000
天作谜案,8.3,9776 ,29000 ,3400000 ,9268000,7204000,3950000
掠食城市,8.3,30000 ,20000 ,9020000 ,50530000,28400000,9413000
五十米之恋,8.3,2075 ,17000 ,960000 ,1368000,1148000,868000
云端之上,8.3,2272 ,5624 ,1080000 ,2261000,1626000,952000
魔神Z,8.3,1024 ,4794 ,140000 ,408000,284000,93000
回到过去拥抱你,8.2,35000 ,90000 ,8770000 ,19726000,15299000,9473000
霹雳娇娃,8.2,43000 ,40000 ,24650000 ,75945000,53900000,19057000
天・火,8.2,44000 ,35000 ,7330000 ,170094000,141466000,29939000
送我上青云,8.2,21000 ,28000 ,15070000 ,29535000,8393000,2240000
狗眼看人心,8.2,12000 ,27000 ,6370000 ,18608000,12161000,6451000
检察方的罪人,8.2,8178 ,19000 ,410000 ,13384000,8574000,2139000
动物出击,8.2,3493 ,17000 ,1110000 ,5191000,3455000,1707000
丑娃娃,8.2,2018 ,15000 ,6850000 ,3649000,2391000,2390000
过春天,8.2,13000 ,13000 ,510000 ,9952000,5930000,2325000
把哥哥退货可以吗,8.2,5732 ,6783 ,290000 ,1759000,1408000,695000
废柴老爸,8.2,7909 ,6718 ,1140000 ,5209000,3251000,1218000
双子杀手,8.1,83000 ,105000 ,7960000 ,235834000,149371000,56285000
深夜食堂,8.1,27000 ,51000 ,4050000 ,24197000,18968000,9392000
昆虫总动员2-来自远方的后援军,8.1,7556 ,25000 ,7110000 ,16452000,10853000,3759000
冰峰暴,8.1,9720 ,25000 ,3450000 ,12731000,10681000,5519000
我的拳王男友,8.1,14000 ,21000 ,4670000 ,24507000,20764000,7258000
十二生肖之福星高照朱小八,8.1,2896 ,20000 ,8640000 ,5565000,3961000,2077000
战斗民族养成记,8.1,8675 ,7776 ,2710000 ,8061000,4861000,1112000
大大哒,8.1,1183 ,5790 ,1630000 ,1843000,1509000,1005000
新喜剧之王,8,515000 ,333000 ,120000000 ,627487000,536143000,273892000
追龙Ⅱ,8,129000 ,138000 ,31410000 ,309239000,197794000,48540000
两只老虎,8,105000 ,96000 ,19840000 ,224446000,138472000,46074000
比悲伤更悲伤的故事,8,622000 ,62000 ,44980000 ,958367000,333614000,19828000
解放・终局营救,8,8324 ,36000 ,3210000 ,41448000,14354000,7634000
猪猪侠・不可思议的世界,8,19000 ,28000 ,11040000 ,36116000,21449000,6124000
你是凶手,8,21000 ,25000 ,5610000 ,48749000,34944000,13961000
宠物联盟,8,5229 ,13000 ,4350000 ,11266000,9076000,1355000
六欲天,8,838 ,10000 ,1870000 ,1323000,1037000,813000
三重威胁之跨国大营救,8,2562 ,9979 ,270000 ,1524000,1136000,483000
闯堂兔3迨惫饣,8,5078 ,9057 ,1610000 ,5012000,2973000,1509000
一生有你2019,7.9,36000 ,125000 ,6210000 ,41784000,35773000,14488000
亲爱的新年好,7.9,42000 ,84000 ,10840000 ,62703000,59275000,41497000
撞死了一只羊,7.9,6992 ,8422 ,4290000 ,10385000,4676000,1679000
南方车站的聚会,7.8,148000 ,171000 ,8790000 ,202922000,136918000,44384000
神探蒲松龄,7.8,107000 ,146000 ,53780000 ,160993000,129887000,66475000
保持沉默,7.8,16000 ,118000 ,8020000 ,21554000,14269000,6555000
在乎你,7.8,5697 ,24000 ,2300000 ,9161000,4678000,2486000
碟仙,7.8,44000 ,19000 ,4600000 ,56259000,9493000,3281000
如影随心,7.7,20000 ,102000 ,12090000 ,23678000,19696000,9055000
被光抓走的人,7.7,45000 ,42000 ,23850000 ,70986000,58738000,25730000
逗爱熊仁镇,7.7,9014 ,12000 ,9800000 ,6325000,5213000,4019000
青蛙王子历险记,7.7,2971 ,6954 ,1100000 ,11203000,6736000,3009000
逆流大叔,7.7,656 ,3680 ,2100000 ,770000,574000,356000
海上浮城,7.7,436 ,1819 ,30000 ,514000,268000,120000
诛仙1,7.6,623000 ,337000 ,17090000 ,405012000,273172000,144422000
沉默的证人,7.6,174000 ,277000 ,29380000 ,181122000,128047000,55294000
我的青春都是你,7.5,15000 ,47000 ,3620000 ,14890000,9959000,4719000
蓝色生死恋,7.5,5634 ,25000 ,2300000 ,1493000,1314000,977000
灰猴,7.5,5857 ,4248 ,2790000 ,3880000,2892000,1953000
素人特工,7.4,24000 ,55000 ,7860000 ,22484000,20192000,13062000
跳舞吧！大象,7.4,27000 ,44000 ,12900000 ,39158000,32816000,20102000
悟空奇遇记,7.4,11000 ,13000 ,1570000 ,19040000,17852000,6480000
风中有朵雨做的云,7.2,45000 ,77000 ,40270000 ,64998000,51666000,16611000
廉政风云,7.1,76000 ,101000 ,85910000 ,124294000,97788000,56982000
看不见的小孩,7,23000 ,56000 ,2050000 ,19282000,7753000,3161000
大侦探霍桑,7,8720 ,28000 ,6300000 ,8003000,5394000,3218000
我的宠物是大象,7,3423 ,25000 ,2580000 ,2566000,2226000,1177000
追凶十九年,7,3790 ,15000 ,22770000 ,4747000,3056000,1662000
龙牌之谜,6.8,24000 ,38000 ,18950000 ,20827000,15640000,8439000
双生,6.7,26000 ,165000 ,1390000 ,17666000,13449000,10080000
潜行者,6.6,984 ,4694 ,14670000 ,537000,410000,170000
人间・喜剧,6.2,67000 ,290000 ,34360000 ,63210000,56572000,30445000
转型团伙,6.1,15000 ,60000 ,5630000 ,16764000,14839000,6949000
家和万事惊,6,14000 ,15000 ,8650000 ,32696000,12626000,6515000
小猪佩奇过大年,5.9,60000 ,67000 ,25260000 ,125012000,113066000,58828000
九龙不败,5.9,21000 ,59000 ,12020000 ,18777000,18009000,10464000
上海堡垒,5.8,454000 ,221000 ,62970000 ,123917000,109169000,75547000
欲念游戏,5.8,7679 ,16000 ,2800000 ,7471000,6580000,3803000
最佳男友进化论,5.6,17000 ,20000 ,1270000 ,19530000,11522000,5073000
阳台上,5.5,7391 ,62000 ,25860000 ,3991000,3418000,1944000
午夜怪谈,5.3,2039 ,8150 ,190000 ,1596000,948000,221000
少女宿舍,5,2733 ,5598 ,170000 ,1914000,1038000,484000
下一任：前任,4.9,170000 ,332000 ,21080000 ,139499000,108512000,48726000
古井凶灵,4.6,7674 ,14000 ,310000 ,5355000,1928000,777000
你咪理，我爱你！,4.6,1956 ,5975 ,180000 ,863000,572000,192000
午夜废墟,4.3,3836 ,18000 ,220000 ,2437000,778000,256000
夜伴歌声,4.2,4474 ,25000 ,1280000 ,6937000,2044000,706000
猪八戒传说,3.9,7850 ,26000 ,1700000 ,65711000,23890000,11308000
童童的风铃密室,3.8,11000 ,22000 ,950000 ,7030000,2910000,1396000
守灵,3.8,6015 ,11000 ,450000 ,3364000,2078000,690000
我不是药神,9.6,2608000 ,165000 ,130000000 ,3100004000,1238123000,159726000
厉害了，我的国,9.6,117000 ,12000 ,98980000 ,480589000,92989000,38271000
大寒,9.4,4134 ,6263 ,220000 ,6696000,158000,73000
西虹市首富,9.2,1627000 ,340000 ,130000000 ,2547633000,903501000,227131000
奇迹男孩,9.2,132000 ,48000 ,6440000 ,191513000,54669000,16167000
熊出没・变形记,9.1,429000 ,113000 ,270000000 ,605513000,208580000,76128000
一个人的课堂,9.1,1343 ,1459 ,50000 ,1369000,205000,48000
唐人街探案2,9,2405000 ,463000 ,100000000 ,3397738000,990476000,340763000
风语咒,9,153000 ,124000 ,85130000 ,112845000,61921000,19434000
悲伤逆流成河,9,439000 ,74000 ,120000000 ,356648000,78345000,12774000
爸，我一定行的,9,99000 ,55000 ,9990000 ,47066000,18820000,4314000
叶问外传：张天志,9,105000 ,41000 ,20080000 ,131797000,42041000,10002000
无名之辈,9,464000 ,16000 ,77870000 ,794512000,67066000,9195000
最后的棒棒,9,6400 ,12000 ,170000 ,1009000,461000,161000
小狗奶瓶,9,2439 ,6840 ,1120000 ,1663000,684000,298000
快把我哥带走,8.9,404000 ,172000 ,400000000 ,375314000,122048000,49680000
无双,8.9,630000 ,125000 ,41340000 ,1273776000,54823000,54819000
找到你,8.9,211000 ,67000 ,25850000 ,285282000,51953000,19190000
南极之恋,8.9,207000 ,42000 ,76700000 ,234490000,80469000,9254000
恐龙王,8.9,19000 ,9672 ,1910000 ,28616000,9856000,4807000
张艺谋和他的“影”,8.9,2081 ,3887 ,11430000 ,825000,340000,166000
生活万岁,8.9,2669 ,3530 ,1190000 ,4920000,2892000,446000
你美丽了我的人生,8.9,4113 ,1776 ,2080000 ,3627000,2699000,1757000
反贪风暴3,8.8,244000 ,239000 ,65430000 ,442993000,204645000,73641000
妈妈咪鸭,8.8,35000 ,40000 ,38490000 ,38145000,21312000,4079000
阿飞正传,8.8,22000 ,26000 ,1630000 ,19739000,14187000,3185000
您一定不要错过,8.8,20000 ,12000 ,900000 ,5277000,2218000,596000
大三儿,8.8,1944 ,4431 ,970000 ,1309000,815000,169000
天籁梦想,8.8,1565 ,2842 ,30000 ,328000,224000,95000
巨齿鲨,8.7,664000 ,407000 ,100000000 ,1051784000,347847000,106631000
神秘世界历险记4,8.7,60000 ,34000 ,5550000 ,104774000,43623000,10664000
阿拉姜色,8.7,3072 ,3110 ,9300000 ,2443000,1201000,394000
大师兄,8.6,113000 ,95000 ,10020000 ,146303000,89594000,34854000
美食大冒险之英雄烩,8.6,10000 ,85000 ,10510000 ,9967000,3040000,1103000
来电狂响,8.6,395000 ,70000 ,55400000 ,641362000,169457000,17920000
无问西东,8.6,520000 ,57000 ,12140000 ,754314000,138878000,35526000
新大头儿子和小头爸爸3：俄罗斯奇遇记,8.6,115000 ,48000 ,31130000 ,158229000,70423000,19128000
嘻哈英熊,8.6,4527 ,17000 ,730000 ,3811000,3525000,1345000
猫与桃花源,8.6,14000 ,13000 ,16020000 ,21805000,17092000,6615000
警车联盟,8.6,3596 ,8335 ,440000 ,5586000,1184000,1170000
昨日青空,8.5,116000 ,256000 ,15500000 ,83828000,49079000,12704000
动物世界,8.5,527000 ,194000 ,110000000 ,509669000,233081000,76318000
黄金花,8.5,13000 ,17000 ,5640000 ,1508000,568000,373000
兄弟班,8.5,3987 ,11000 ,1650000 ,1905000,1443000,850000
那些女人,8.5,3793 ,10000 ,610000 ,4963000,4622000,2092000
小悟空,8.5,7920 ,10000 ,2960000 ,8812000,5810000,2955000
金龟子,8.5,22000 ,9279 ,13870000 ,27800000,10893000,4365000
米花之味,8.5,990 ,6132 ,18590000 ,2299000,820000,354000
黄金兄弟,8.4,242000 ,107000 ,45700000 ,317485000,157979000,47478000
幕后玩家,8.4,223000 ,69000 ,51150000 ,358612000,95147000,43669000
神奇马戏团之动物饼干,8.4,33000 ,69000 ,13240000 ,65489000,25218000,14614000
脱单告急,8.4,27000 ,39000 ,3270000 ,35020000,23015000,9139000
潜艇总动员：海底两万里,8.4,38000 ,32000 ,9270000 ,72709000,59276000,32450000
坏爸爸,8.4,13000 ,4816 ,1320000 ,24477000,14529000,8418000
照相师,,,1406 ,60000 ,28399000,447000,128000
后来的我们,8.3,1359000 ,911000 ,190000000 ,1361539000,562416000,285566000
胖子行动队,8.3,194000 ,122000 ,24800000 ,261069000,32102000,31363000
21克拉,8.3,127000 ,119000 ,31250000 ,110130000,63314000,18170000
说走就走之不说再见,8.3,11000 ,70000 ,2540000 ,9870000,7031000,2660000
大闹西游,8.3,23000 ,37000 ,9830000 ,37923000,18150000,8526000
我是你妈,8.3,31000 ,30000 ,24600000 ,36822000,24665000,6288000
克隆人,8.3,5518 ,8329 ,2560000 ,5320000,2900000,1059000
捉妖记2,8.2,1662000 ,669000 ,530000000 ,2237132000,1204462000,546857000
一出好戏,8.2,989000 ,412000 ,160000000 ,1355052000,534553000,151800000
暴裂无声,8.2,45000 ,36000 ,6730000 ,54248000,35869000,8061000
藏北秘岭-重返无人区,8.2,5271 ,22000 ,8810000 ,20576000,4031000,1330000
狗十三,8.2,36000 ,19000 ,58150000 ,51298000,16145000,3820000
深海历险记,8.2,10000 ,15000 ,1710000 ,17598000,10418000,2908000
让我怎么相信你,8.2,713 ,7365 ,10670000 ,1836000,1482000,743000
北方一片苍茫,8.2,1950 ,2060 ,770000 ,732000,319000,103000
狄仁杰之四大天王,8.1,369000 ,358000 ,120000000 ,606361000,296700000,110126000
影,8.1,414000 ,236000 ,65940000 ,628984000,66231000,66156000
遇见你真好,8.1,58000 ,54000 ,23100000 ,51012000,33701000,12084000
猛虫过江,8.1,194000 ,42000 ,59050000 ,203647000,66307000,18243000
泄密者,8.1,63000 ,37000 ,23980000 ,70821000,34258000,10163000
亲爱的，我要和别人结婚了,8.1,5169 ,31000 ,480000 ,1941000,1007000,614000
新灰姑娘,8.1,38000 ,24000 ,3200000 ,60138000,55003000,12481000
给19岁的我自己,8.1,7170 ,19000 ,12590000 ,4388000,3740000,1824000
一百年很长吗,8.1,1661 ,4404 ,5270000 ,1238000,790000,522000
超大号美人,8.1,2049 ,3504 ,2110000 ,1482000,1405000,611000
人怕出名猪怕壮,8.1,1271 ,2125 ,150000 ,8378000,760000,218000
奇葩朵朵,8,37000 ,51000 ,11680000 ,30214000,26689000,10692000
吃货宇宙,8,4313 ,21000 ,19320000 ,4857000,3095000,1707000
荒城纪,8,1816 ,6892 ,1090000 ,1374000,834000,311000
因果启示录,8,1846 ,3428 ,80000 ,1334000,661000,250000
清水里的刀子,8,981 ,2255 ,740000 ,582000,303000,102000
西游记女儿国,7.9,591000 ,370000 ,56010000 ,727399000,331492000,164265000
李茶的姑妈,7.9,415000 ,164000 ,42510000 ,604378000,106647000,106627000
英雄本色2018,7.9,77000 ,55000 ,3090000 ,63067000,50667000,10134000
你好，之华,7.9,49000 ,43000 ,22140000 ,80201000,40349000,13221000
魔镜奇缘2,7.9,14000 ,24000 ,1550000 ,20629000,16557000,9558000
24小时：末路重生,7.9,11000 ,6227 ,3640000 ,9767000,7577000,3743000
S4侠降魔记,7.9,2748 ,3804 ,260000 ,3635000,1711000,718000
龙虾刑警,7.8,52000 ,47000 ,56760000 ,68791000,44855000,18083000
中国蓝盔,7.8,21000 ,44000 ,1650000 ,17928000,10390000,4887000
我说的都是真的,7.8,18000 ,34000 ,28600000 ,17836000,11438000,4621000
未择之路,7.8,5928 ,34000 ,5650000 ,7454000,5406000,2351000
道高一丈,7.8,9485 ,27000 ,10750000 ,12070000,9686000,1401000
快乐星球之三十六号,7.8,2500 ,11000 ,630000 ,688000,201000,146000
西小河的夏天,7.8,1387 ,3924 ,34810000 ,1917000,787000,294000
毕业旅行笑翻天,7.8,1021 ,3473 ,40000 ,218000,171000,121000
肆式青春,7.7,7800 ,48000 ,6990000 ,2827000,1498000,906000
古剑奇谭之流月昭明,7.7,16000 ,47000 ,6960000 ,14119000,13304000,8301000
为你写诗,7.7,14000 ,9073 ,2320000 ,12777000,9837000,3984000
龟兔大作战,7.7,3218 ,2925 ,310000 ,10079000,2151000,2077000
黑暗迷宫,7.7,4314 ,2556 ,1870000 ,4117000,3727000,1235000
祖宗十九代,7.6,169000 ,89000 ,51410000 ,169851000,49482000,17422000
毕业作品,7.6,8518 ,59000 ,2330000 ,4567000,3138000,1205000
江湖儿女,7.6,47000 ,57000 ,17760000 ,69951000,40792000,13252000
路过未来,7.6,2483 ,9248 ,4550000 ,2540000,1071000,391000
阿里巴巴三根金发,7.6,3565 ,5735 ,600000 ,10293000,2315000,2315000
两个俏公主,7.6,5428 ,2769 ,200000 ,2226000,1720000,1183000
新乌龙院之笑闹江湖,7.5,140000 ,403000 ,25010000 ,130979000,102455000,67399000
武林怪兽,7.5,62000 ,92000 ,29500000 ,79645000,52520000,16616000
尖叫直播,7.5,8159 ,3610 ,30000 ,3111000,747000,708000
邪不压正,7.4,418000 ,216000 ,66570000 ,583514000,315402000,122174000
解码游戏,7.4,15000 ,51000 ,13920000 ,9689000,7733000,4209000
泡芙小姐,7.4,24000 ,34000 ,4250000 ,19340000,13197000,6271000
监狱犬计划,7.4,2325 ,22000 ,1270000 ,1248000,953000,663000
麦兵兵之夺宝联“萌”,7.4,12000 ,13000 ,1730000 ,6056000,2688000,1813000
盲・道,7.4,795 ,5780 ,1180000 ,524000,237000,134000
八仙,7.4,874 ,1894 ,90000 ,1383000,1139000,869000
欧洲攻略,7.3,170000 ,229000 ,43120000 ,153213000,135482000,97216000
宇宙有爱浪漫同游,7.3,5954 ,16000 ,260000 ,1548000,1332000,920000
冷恋时代,7.3,1475 ,15000 ,1220000 ,3350000,2131000,606000
命运速递,7.3,1547 ,5514 ,18100000 ,1406000,923000,467000
低压槽：欲望之城,7.2,32000 ,30000 ,16040000 ,34909000,17968000,9774000
幸福马上来,7.2,46000 ,28000 ,6160000 ,101138000,45734000,14608000
三国杀・幻,7.2,2934 ,26000 ,3560000 ,1049000,734000,368000
二十岁,7.2,5626 ,15000 ,4300000 ,3203000,2624000,1256000
寻找罗麦,7.1,8321 ,36000 ,4810000 ,4015000,2998000,1435000
有五个姐姐的我就注定要单身了啊,7.1,1345 ,11000 ,1370000 ,853000,301000,114000
大世界,7.1,2834 ,7440 ,18690000 ,2625000,1692000,643000
超时空大冒险,7.1,1743 ,5320 ,50000 ,2855000,674000,397000
谜巢,7,61000 ,69000 ,2080000 ,49504000,39555000,20762000
功夫联盟,7,17000 ,26000 ,4390000 ,17978000,12618000,5155000
脱皮爸爸,7,11000 ,13000 ,1530000 ,8025000,6428000,2860000
守望一生,7,47 ,570 ,2491 ,148000,102000,53000
暮光巴黎,6.9,3918 ,96000 ,1300000 ,2086000,1765000,880000
爱情公寓,6.8,1232000 ,1544000 ,260000000 ,555436000,491160000,303488000
战神纪,6.8,55000 ,94000 ,46520000 ,38076000,19807000,11359000
天气预爆,6.8,87000 ,65000 ,36180000 ,123833000,85448000,38377000
小公主艾薇拉与神秘王国,6.8,9427 ,25000 ,,6616000,1479000,764000
两只小猪之勇闯神秘岛,6.8,3014 ,10000 ,310000 ,5179000,1718000,1647000
纯洁心灵・逐梦演艺圈,6.8,6085 ,6416 ,1200000 ,2338000,54000,25000
卧底巨星,6.7,51000 ,46000 ,2550000 ,39275000,33588000,20991000
伊阿索密码,6.7,2040 ,14000 ,2150000 ,1305000,1001000,636000
夜魔奇案,6.7,545 ,1051 ,10000 ,230000,149000,83000
闺蜜2,6.6,86000 ,254000 ,15450000 ,64345000,49620000,27073000
西北风云,6.6,4498 ,28000 ,31880000 ,4029000,2889000,1594000
一纸婚约,6.5,2265 ,14000 ,870000 ,751000,596000,261000
阿修罗,6.4,64000 ,169000 ,44680000 ,49840000,48614000,25529000
冒牌搭档,6.4,1872 ,3918 ,180000 ,1467000,1156000,665000
梦境之源,6.4,1048 ,1930 ,960000 ,288000,199000,120000
冰封迷案,5.9,810 ,1751 ,50000 ,519000,255000,91000
宝贝儿,5.8,49000 ,32000 ,6760000 ,24724000,21550000,10872000
中国合伙人2,5.8,8281 ,12000 ,2030000 ,20515000,8609000,4051000
时空终点,5.8,398 ,1340 ,60000 ,419000,253000,195000
无眸之杀,5.7,1562 ,3613 ,100000 ,982000,525000,218000
云南虫谷,5.6,138000 ,163000 ,64830000 ,150181000,98996000,64725000
午夜整容室,5.6,5627 ,8512 ,150000 ,3235000,1414000,493000
灵魂契约,5.6,4139 ,3956 ,90000 ,2737000,1445000,500000
灵魂当铺之时间典当,5.5,2711 ,11000 ,380000 ,1284000,740000,353000
黑暗深处之惊魂夜,5.5,4393 ,8145 ,80000 ,2278000,1264000,445000
惊慌失色之诡寓,5.2,4105 ,16000 ,180000 ,2177000,910000,398000
毛骨悚然之红衣男孩,5.2,3097 ,7974 ,230000 ,1480000,844000,372000
七号公馆,5.2,1447 ,3030 ,,616000,291000,117000
瞳灵公馆,5.2,3439 ,2422 ,120000 ,2313000,1337000,437000
断片之险途夺宝,5,44000 ,75000 ,21360000 ,50429000,36643000,23928000
恐怖浴室,5,5470 ,8784 ,440000 ,2537000,1228000,473000
午夜十二点,4.5,6375 ,5002 ,360000 ,2356000,568000,261000
O,4.5,1937 ,2811 ,160000 ,758000,328000,111000
无迹可寻,4.5,647 ,1200 ,40000 ,362000,156000,88000
冰封侠:时空行者,4.4,51000 ,68000 ,6870000 ,34493000,27185000,12669000
午夜幽灵,4.3,6902 ,22000 ,420000 ,3374000,1962000,793000
细思极恐,4.1,4859 ,6068 ,410000 ,1502000,555000,226000
男生宿舍,4,6461 ,16000 ,380000 ,2387000,1013000,388000
开学悸,3.6,2088 ,1175 ,70000 ,1370000,667000,328000
玲珑井,3.5,5554 ,7898 ,450000 ,1984000,1069000,442000
恐怖快递,3.3,6781 ,21000 ,5300000 ,2266000,1140000,424000
大轰炸,,,154000 ,6610000 ,1000,0,0
凌晨两点半,2.7,7466 ,9997 ,340000 ,1868000,652000,268000
地球最后的夜晚,2.6,550000 ,285000 ,24010000 ,282189000,281042000,262776000
草戒指,,,46000 ,320000 ,621000,439000,315000
吻隐者,,,22000 ,2660000 ,703000,570000,343000
忠犬大营救,,,14000 ,50000 ,1209000,156000,51000
血十三,,,9496 ,560000 ,467000,318000,240000
我的影子在奔跑,,,9053 ,1300000 ,384000,142000,33000
十七后 与青春化敌为友,,,8897 ,70000 ,113000,57000,29000
火力全开,9.6,6482 ,9632 ,,2403000,1558000,527000
缝纫机乐队,9.3,517000 ,57000 ,90340000 ,459322000,75147000,37761000
一路逆风,9.3,7195 ,3991 ,,3270000,1745000,729000
二十二,9.2,205000 ,36000 ,13890000 ,170565000,124679000,3360000
闪光少女,9.2,85000 ,14000 ,,64865000,23488000,6032000
重返・狼群,9.2,44000 ,14000 ,,32989000,11871000,2614000
忠爱无言,9.2,44000 ,11000 ,,25553000,2532000,115000
羞羞的铁拳,9.1,1723000 ,284000 ,82420000 ,2213457000,310821000,132975000
前任3：再见前任,9.1,1486000 ,250000 ,240000000 ,1941886000,283591000,64492000
建军大业,9.1,334000 ,99000 ,96380000 ,403944000,202923000,37956000
熊出没・奇幻空间,9.1,388000 ,30000 ,,521122000,101193000,51945000
血战湘江,9.1,4848 ,5548 ,7390000 ,73944000,13401000,4548000
捍卫者,9.1,8349 ,4476 ,,10333000,3796000,839000
芳华,9,845000 ,163000 ,17210000 ,1422987000,294322000,76125000
傲娇与偏见,9,150000 ,63000 ,,124252000,67754000,10601000
拆弹・专家,9,276000 ,49000 ,,400499000,181645000,47428000
追龙,9,414000 ,42000 ,61950000 ,577208000,95201000,40518000
地球：神奇的一天,9,25000 ,9973 ,,47783000,10595000,1332000
天梯：蔡国强的艺术,9,1046 ,2227 ,3700000 ,2102000,485000,127000
赛尔号大电影6：圣者无敌,8.9,97000 ,46000 ,30010000 ,109017000,50169000,14396000
喜欢・你,8.9,176000 ,30000 ,,210750000,108574000,16985000
王牌保镖,8.9,141000 ,23000 ,,139789000,90205000,26165000
阿唐奇遇,8.9,29000 ,16000 ,,30396000,19001000,5444000
春娇救志明,8.8,155000 ,73000 ,,175550000,91281000,29948000
我是马布里,8.8,11000 ,30000 ,,8899000,5572000,2416000
大耳朵图图之美食狂想曲,8.8,47000 ,19000 ,11150000 ,43287000,17377000,3959000
冈仁波齐,8.8,74000 ,5697 ,,100099000,16967000,1752000
心理罪之城市之光,8.7,263000 ,312000 ,5860000 ,224173000,141096000,54797000
十万个冷笑话2,8.7,127000 ,81000 ,,133881000,55492000,17439000
乘风破浪,8.7,701000 ,50000 ,19200000 ,1046045000,129212000,67738000
失业生,8.7,10000 ,19000 ,,6102000,4226000,1646000
非凡任务,8.7,98000 ,13000 ,89980000 ,156380000,58694000,14315000
大象林旺之一炮成名,8.7,4117 ,2843 ,,3362000,1800000,787000
我的妈呀,8.7,544 ,1390 ,,360000,172000,74000
神奇女侠,8.6,429000 ,123000 ,,610096000,263673000,74017000
记忆大师,8.6,250000 ,121000 ,62740000 ,292924000,157303000,45540000
嫌疑人x的献身,8.6,355000 ,96000 ,,401854000,160456000,46479000
机器之血,8.6,177000 ,94000 ,7310000 ,305422000,198359000,76085000
空天猎,8.6,223000 ,77000 ,71630000 ,319155000,86624000,31574000
玩偶奇兵,8.6,24000 ,15000 ,3030000 ,31707000,11792000,3409000
相爱相亲,8.6,17000 ,12000 ,1110000 ,18265000,6825000,2321000
七十七天,8.6,68000 ,12000 ,4330000 ,103743000,11317000,2676000
龙之战,8.6,4579 ,12000 ,,65347000,10603000,3235000
猪猪侠之英雄猪少年,8.6,45000 ,12000 ,,45909000,16797000,8721000
银河守卫队,8.6,1894 ,6677 ,,2571000,1032000,227000
萤火奇兵,8.6,8005 ,4596 ,40980000 ,7980000,3090000,3090000
我的爸爸是国王,8.6,8599 ,3228 ,,15684000,2924000,576000
杀破狼・贪狼,8.5,398000 ,185000 ,,522624000,279988000,63198000
解忧杂货店,8.5,239000 ,184000 ,57020000 ,223162000,143597000,38318000
二代妖精之今生有幸,8.5,247000 ,109000 ,10860000 ,292243000,169148000,57793000
绣春刀II：修罗战场,8.5,226000 ,79000 ,,265728000,176362000,34847000
昆塔：反转星球,8.5,36000 ,22000 ,,50644000,7982000,7979000
原谅他77次,8.5,62000 ,18000 ,,75448000,14879000,3217000
大卫贝肯之倒霉特工熊,8.5,80000 ,8342 ,,126137000,43105000,10622000
超能龙骑侠,8.5,2989 ,6469 ,,3072000,1704000,436000
灿烂这一刻,8.5,757 ,2449 ,20000 ,437000,360000,178000
内心引力,8.5,619 ,1302 ,,1421000,290000,152000
英伦对决,8.4,263000 ,115000 ,,539805000,147166000,72645000
功夫瑜伽,8.4,1003000 ,90000 ,,1748670000,271897000,138041000
破・局,8.4,88000 ,49000 ,,64647000,43906000,15561000
喵星人,8.4,55000 ,41000 ,,44762000,31246000,10951000
二次初恋,8.4,26000 ,34000 ,,26156000,12536000,3291000
绑架者,8.4,65000 ,28000 ,,95660000,44601000,16548000
巨额来电,8.4,40000 ,14000 ,1570000 ,55851000,37672000,16211000
咕噜咕噜美人鱼2,8.4,7736 ,7035 ,1030000 ,10731000,5928000,3295000
皮绳上的魂,8.4,2192 ,5289 ,,3293000,2201000,996000
血狼犬,8.4,9172 ,3148 ,,25185000,12798000,3483000
一念无明,8.4,7366 ,3042 ,870000 ,9414000,3827000,878000
初恋日记,8.4,1037 ,1273 ,,2147000,1445000,273000
十八洞村,8.4,3861 ,649 ,38110000 ,107496000,34024000,12914000
金刚：骷髅岛,8.3,729000 ,85000 ,,1158914000,501057000,150640000
临时演员,8.3,21000 ,53000 ,,12944000,7079000,4211000
荡寇风云,8.3,63000 ,26000 ,,65121000,28647000,14972000
大护法,8.3,97000 ,22000 ,,87602000,33088000,7302000
三只小猪2,8.3,25000 ,16000 ,1460000 ,26959000,5030000,1136000
小情书,8.3,2491 ,8986 ,,2908000,2250000,460000
一路绽放,8.3,3088 ,1653 ,130000 ,6814000,4843000,2083000
20:16,8.3,555 ,391 ,,4906000,3185000,1224000
心理罪,8.2,387000 ,184000 ,,304157000,163096000,63849000
密战,8.2,75000 ,48000 ,3070000 ,79543000,49634000,17348000
引爆者,8.2,42000 ,37000 ,2000000 ,50266000,32286000,10988000
美好的意外,8.2,15000 ,17000 ,,17624000,10844000,4326000
我是谁的宝贝,8.2,2061 ,5856 ,,1302000,622000,246000
以爱为名,8.2,1163 ,595 ,,8724000,1087000,683000
侠盗联盟,8.1,181000 ,110000 ,,237095000,149517000,54450000
反转人生,8.1,68000 ,19000 ,,69513000,46784000,8155000
有完没完,8.1,38000 ,19000 ,,37399000,14977000,8054000
中国推销员,8.1,7769 ,14000 ,3210000 ,11209000,7249000,3030000
这就是命,8.1,41000 ,12000 ,1740000 ,54466000,29120000,8748000
不成问题的问题,8.1,5427 ,7186 ,370000 ,7773000,5788000,1622000
坑爹游戏,8.1,1586 ,3951 ,,1793000,1302000,735000
29+1,8.1,1965 ,3296 ,,1567000,954000,359000
六年，六天,8.1,480 ,2668 ,,11620000,1671000,144000
神农溪之恋漂洋过海来爱你,8.1,582 ,1644 ,,300000,264000,81000
功夫小兔侠,8.1,945 ,770 ,,1467000,541000,474000
天生不对,8,21000 ,44000 ,1650000 ,24305000,14747000,4441000
父子雄兵,8,109000 ,44000 ,,125279000,78022000,26453000
烽火芳菲,8,25000 ,26000 ,1030000 ,29462000,12930000,5152000
秘果,8,11000 ,20000 ,,7955000,5712000,2776000
钢铁飞龙之再见奥特曼,8,44000 ,18000 ,33430000 ,41006000,9447000,9433000
豆福传,8,19000 ,13000 ,,15916000,12293000,4235000
合约男女,8,48000 ,11000 ,,59383000,53073000,34112000
少年巴比伦,8,3254 ,7388 ,,3136000,1893000,845000
小猫巴克里,8,9124 ,6138 ,1430000 ,12241000,6509000,3499000
嘉年华,8,21000 ,4800 ,18190000 ,22626000,12650000,2102000
提着心，吊着胆,8,12000 ,3583 ,,13686000,9518000,3600000
此情此刻,8,264 ,2278 ,,373000,221000,87000
S的秘密,8,562 ,895 ,,4577000,3680000,1307000
鲛珠传,7.9,140000 ,128000 ,,113694000,83515000,36766000
逆时营救,7.9,163000 ,86000 ,,201262000,119240000,17996000
狂兽,7.9,49000 ,33000 ,3920000 ,67813000,45741000,17178000
美容针,7.9,9321 ,18000 ,,10179000,7446000,3499000
假如王子睡着了,7.9,8983 ,12000 ,860000 ,5469000,4199000,1896000
缉枪,7.9,3956 ,8245 ,,16453000,5127000,2106000
不期而遇,7.9,9805 ,6958 ,,7162000,5387000,1475000
谁是球王,7.9,570 ,3114 ,,992000,690000,515000
点五步,7.9,397 ,535 ,,3737000,1799000,577000
会痛的十七岁,7.8,14000 ,35000 ,,7655000,6145000,2755000
决战食神,7.8,82000 ,31000 ,,121674000,85750000,33481000
青禾男高,7.8,46000 ,19000 ,,30409000,24984000,6809000
黑白迷宫,7.8,30000 ,18000 ,,33170000,23115000,7426000
青春逗,7.8,2094 ,16000 ,,3700000,305000,141000
冒牌监护人之寻宝闹翻天,7.8,1730 ,4763 ,130000 ,2001000,1277000,468000
你在哪,7.8,789 ,4647 ,60000 ,2312000,1835000,649000
我心雀跃,7.8,917 ,2849 ,16620000 ,478000,219000,91000
蛋计划,7.8,508 ,209 ,,589000,355000,160000
西游伏妖篇,7.7,1002000 ,213000 ,,1652063000,588506000,354486000
奇门遁甲,7.7,305000 ,167000 ,10830000 ,299784000,210733000,26735000
追捕,7.7,86000 ,64000 ,2850000 ,106020000,74052000,29636000
夏天19岁的肖像,7.7,20000 ,51000 ,,9369000,5381000,3176000
李雷和韩梅梅――昨日重现,7.7,23000 ,17000 ,,40721000,31065000,11876000
上海王,7.7,5452 ,12000 ,,13611000,8060000,2974000
女人永远是对的,7.7,3751 ,5953 ,,1838000,1319000,747000
八月,7.7,3571 ,3798 ,,4366000,2287000,724000
胡杨的夏天,7.7,1729 ,3614 ,,4674000,3102000,1094000
老兽,7.7,990 ,3554 ,77980000 ,2076000,1757000,495000
金珠玛米,7.7,1558 ,3170 ,810000 ,1932000,1434000,910000
窦娥奇冤,7.7,1937 ,1897 ,,4470000,2940000,1381000
识色，幸也,7.7,1032 ,1665 ,160000 ,494000,337000,148000
悟空传,7.6,499000 ,339000 ,120000000 ,696532000,401785000,107891000
推理笔记,7.6,20000 ,39000 ,820000 ,10227000,7916000,3559000
麻烦家族,7.6,44000 ,28000 ,,32327000,27094000,8452000
游戏规则,7.6,16000 ,11000 ,,102957000,16521000,4719000
我不做大哥好多年,7.6,13000 ,5776 ,,7703000,5330000,2449000
妖猫传,7.5,329000 ,219000 ,11650000 ,530256000,243271000,74258000
明月几时有,7.5,48000 ,50000 ,65940000 ,63417000,33657000,19230000
超凡战队,7.5,33000 ,48000 ,,30053000,24548000,9630000
绝世高手,7.5,125000 ,39000 ,,101277000,61674000,23353000
疯岳撬佳人,7.5,60000 ,13000 ,,63701000,55436000,33802000
异兽来袭,7.5,1014 ,2992 ,,10110000,2054000,345000
大闹天竺,7.4,748000 ,242000 ,,756114000,311731000,187956000
刺客信条,7.4,124000 ,76000 ,,160720000,118871000,40230000
情遇曼哈顿,7.4,21000 ,19000 ,,13554000,10240000,4979000
毒。诫,7.4,34000 ,17000 ,,40254000,28409000,11938000
“吃吃”的爱,7.4,43000 ,14000 ,,27503000,14493000,8185000
借眼,7.4,5658 ,13000 ,,4732000,2718000,1272000
垫底联盟,7.4,2068 ,4696 ,420000 ,4302000,4207000,2261000
常在你左右,7.3,61000 ,31000 ,,46879000,29659000,10227000
钟馗传奇之岁寒三友,7.3,748 ,2949 ,110000 ,421000,266000,155000
猪太狼的夏天,7.3,628 ,2517 ,70000 ,326000,199000,97000
爱情冻住了,7.3,611 ,1268 ,,527000,359000,172000
东北往事之破马张飞,7.2,92000 ,32000 ,,105837000,58817000,26386000
兄弟，别闹！,7.2,18000 ,16000 ,900000 ,12102000,8990000,4132000
暴雪将至,7.2,27000 ,15000 ,1230000 ,27171000,19980000,7308000
完美有多美,7.2,4605 ,6019 ,10000 ,25017000,6082000,2965000
时间去哪儿了,7.2,1082 ,3455 ,2350000 ,8542000,3976000,493000
炸裂青春,7.2,2384 ,1819 ,30000 ,836000,145000,88000
三生三世十里桃花,7.1,694000 ,811000 ,,534730000,428463000,169602000
降魔传,7.1,101000 ,111000 ,5200000 ,91762000,57391000,20595000
怨灵2,7.1,14000 ,14000 ,,11493000,6059000,1759000
一万公里的约定,7.1,3938 ,5681 ,,3747000,2662000,1198000
因为爱情,7,2756 ,11000 ,,2255000,1860000,503000
辛巴达与美人鱼公主,7,1609 ,1844 ,,2660000,617000,337000
纹身师,7,468 ,1268 ,,382000,213000,82000
妖铃铃,6.9,255000 ,129000 ,9170000 ,363158000,251042000,90747000
神秘家族,6.9,21000 ,38000 ,2370000 ,15458000,11276000,4873000
极致追击,6.9,13000 ,35000 ,,17615000,10070000,6264000
健忘村,6.9,16000 ,14000 ,96960000 ,16018000,7906000,1577000
仙球大战,6.9,6672 ,12000 ,,9817000,7025000,3804000
蜜月计划,6.9,1008 ,7535 ,,563000,322000,128000
抢红,6.8,21000 ,9971 ,,16254000,13210000,5816000
52赫兹，我爱你,6.8,599 ,2116 ,,1373000,1069000,649000
请勿靠近,6.6,336 ,2551 ,,209000,127000,53000
指甲刀人魔,6.5,7716 ,4384 ,,4508000,3209000,1396000
玛格丽特的春天,6.4,6475 ,1430 ,,7118000,4499000,1565000
七月半3：灵触第七感,6.3,3494 ,7783 ,330000 ,2923000,1893000,758000
光影之战,6.3,1644 ,4150 ,170000 ,880000,56000,33000
碟仙前传,6.3,3340 ,1747 ,,3151000,1503000,717000
十七岁的雨季,6.2,397 ,3233 ,,275000,158000,86000
相声大电影之我要幸福,6.1,18000 ,72000 ,1580000 ,17906000,14261000,6055000
蝴蝶公墓,6.1,6883 ,19000 ,,3341000,2696000,1669000
梦幻佳期,6.1,1282 ,18000 ,,504000,24000,12000
撞邪31号,6.1,2839 ,3987 ,,2358000,1404000,658000
熊出没之熊心归来,9.1,412000 ,93000 ,,287544000,105705000,56652000
生门,9.1,1340 ,5890 ,22660000 ,1602000,389000,181000
百鸟朝凤,9.1,137000 ,3981 ,,86752000,1547000,276000
魔兽,9,1227000 ,480000 ,,1468867000,1028097000,250984000
功夫熊猫3,9,782000 ,337000 ,,1000538000,339433000,107078000
我们诞生在中国,9,45000 ,13000 ,16740000 ,66516000,15017000,2933000
白毛女,8.9,1283 ,1038 ,,5840000,383000,149000
使徒行者,8.8,666000 ,165000 ,33980000 ,605384000,240446000,57004000
神秘世界历险记3,8.8,59000 ,13000 ,,65385000,39530000,9461000
喊・山,8.8,1624 ,4009 ,,877000,444000,151000
练胆儿,8.8,436 ,893 ,,237000,123000,40000
精灵王座,8.7,31000 ,43000 ,6850000 ,25089000,17430000,6185000
七月与安生,8.7,182000 ,36000 ,,166737000,72341000,10020000
舌尖上的新年,8.7,3678 ,16000 ,,1936000,1279000,406000
勇士,8.7,22000 ,10000 ,4570000 ,33181000,20160000,8442000
幸运是我,8.7,1508 ,1573 ,,961000,398000,111000
忍者神龟2：破影而出,8.6,320000 ,285000 ,,392634000,170116000,90906000
从你的全世界路过,8.6,930000 ,240000 ,,813267000,311224000,74028000
寒战2,8.6,478000 ,180000 ,,676544000,298455000,95697000
谁的青春不迷茫,8.6,287000 ,94000 ,26930000 ,179602000,99631000,31923000
情圣,8.6,587000 ,38000 ,120000000 ,657903000,172071000,34095000
缘份,8.6,28000 ,30000 ,,13894000,7460000,2525000
新大头儿子和小头爸爸2一日成才,8.6,99000 ,22000 ,14520000 ,90384000,54043000,17217000
摇滚藏獒,8.6,19000 ,20000 ,,39536000,24619000,3516000
铁拳,8.6,12000 ,16000 ,,7856000,4853000,1498000
少年师爷之大禹宝藏,8.6,1471 ,4563 ,,1624000,646000,187000
凤凰谷,8.6,559 ,2301 ,,225000,94000,36000
北京遇上西雅图之不二情书,8.5,591000 ,307000 ,,785286000,354915000,110157000
绝地逃亡,8.5,667000 ,276000 ,,887581000,406344000,98227000
荒野猎人,8.5,367000 ,126000 ,,376730000,208792000,63830000
28岁未成年,8.5,147000 ,110000 ,9550000 ,129196000,72783000,20249000
所以……和黑粉结婚了,8.5,107000 ,102000 ,,81020000,57620000,23077000
铁道飞虎,8.5,356000 ,58000 ,160000000 ,699291000,217076000,52764000
超级快递,8.5,78000 ,50000 ,,61847000,28630000,8405000
陆知马俐,8.5,193000 ,42000 ,,191661000,106193000,33393000
非常父子档,8.5,5898 ,31000 ,,7230000,5158000,1637000
驴得水,8.5,195000 ,29000 ,,172768000,58291000,15758000
追凶者也,8.5,111000 ,25000 ,,135633000,78337000,13974000
我是哪吒,8.5,11000 ,10000 ,1390000 ,10168000,5600000,3377000
刺猬小子之天生我刺,8.5,12000 ,9501 ,,8170000,6121000,1444000
斗龙战士之星印罗盘,8.5,8876 ,2617 ,,6188000,5631000,4245000
长城,8.4,899000 ,242000 ,,1173005000,471251000,123467000
叶问3,8.4,465000 ,236000 ,40670000 ,769363000,442190000,140884000
赏金猎人,8.4,251000 ,143000 ,,213070000,117476000,42052000
女汉子真爱公式,8.4,89000 ,43000 ,,63277000,32917000,9720000
刑警兄弟,8.4,41000 ,28000 ,,30243000,13626000,3609000
我在故宫修文物,8.4,10000 ,21000 ,,6459000,3720000,1086000
铠甲勇士捕王,8.4,26000 ,20000 ,,18560000,5134000,5134000
冬,8.4,879 ,7747 ,,327000,46000,7000
摩尔庄园3：魔幻列车大冒险,8.4,9953 ,5835 ,,10576000,727000,339000
神兽金刚之青龙再现,8.4,8876 ,5502 ,,7202000,6108000,1952000
微微一笑很倾城,8.3,262000 ,196000 ,,275459000,122396000,47371000
反贪风暴2,8.3,191000 ,107000 ,19310000 ,208889000,119370000,18674000
火锅英雄,8.3,285000 ,65000 ,,369951000,140765000,35127000
最后的巫师猎人,8.3,225000 ,61000 ,,179623000,62118000,17829000
外公芳龄38,8.3,64000 ,39000 ,,60304000,34808000,11045000
小门神,8.3,60000 ,37000 ,,78507000,62284000,28066000
比利・林恩的中场战事,8.3,88000 ,34000 ,,164916000,80669000,25385000
深海浩劫,8.3,57000 ,26000 ,2330000 ,72572000,54393000,11190000
爱上试睡师,8.3,1187 ,15000 ,,484000,287000,109000
新东方神娃,8.3,896 ,4095 ,,261000,187000,96000
龙拳小子,8.3,2825 ,3800 ,,4950000,3289000,1162000
我不是王毛,8.3,2539 ,3507 ,,2633000,1449000,471000
危城,8.2,131000 ,58000 ,,167142000,91114000,33852000
捉迷藏,8.2,80000 ,42000 ,,71388000,39046000,12148000
高跟鞋先生,8.2,165000 ,36000 ,,129702000,29685000,29574000
我的战争,8.2,23000 ,20000 ,17640000 ,36445000,24808000,9613000
惊天大逆转,8.2,77000 ,20000 ,,78469000,52120000,16079000
马小乐之玩具也疯狂,8.2,8827 ,6090 ,,7411000,2642000,1163000
击战,8.2,656 ,1976 ,,858000,617000,508000
猿创世界之熊孩子部落,8.2,1018 ,1691 ,,871000,465000,194000
天亮之前,8.1,38000 ,35000 ,,36311000,24940000,10359000
贫穷富爸爸,8.1,2753 ,17000 ,,5852000,3185000,979000
快手枪手快枪手,8.1,90000 ,12000 ,17390000 ,53978000,40536000,15684000
疯狂丑小鸭,8.1,5186 ,10000 ,2010000 ,23403000,3372000,1298000
恶人报喜,8.1,28000 ,10000 ,,27526000,8070000,4019000
盛先生的花儿,8.1,339 ,9000 ,,630000,349000,129000
发条城市,8.1,17000 ,8488 ,,11006000,6681000,2897000
超能太阳鸭,8.1,20000 ,7676 ,2670000 ,20032000,15360000,4072000
六弄咖啡馆,8.1,14000 ,7628 ,,6543000,5003000,1672000
洛杉矶捣蛋计划,8.1,7762 ,6161 ,,8963000,6008000,2355000
路边野餐,8.1,7039 ,5647 ,,6464000,3313000,956000
动植物大战,8.1,1261 ,4827 ,,1445000,1194000,786000
盗墓笔记,8,808000 ,516000 ,,1002925000,477988000,161160000
夏有乔木 雅望天堂,8,247000 ,313000 ,,156264000,89502000,44558000
我的特工爷爷,8,265000 ,202000 ,,323989000,168327000,52848000
234说爱你,8,3232 ,8995 ,,2475000,1933000,894000
太空熊猫英雄归来,8,6455 ,7573 ,680000 ,21017000,2318000,1101000
寻找心中的你,8,1030 ,2920 ,,535000,332000,125000
不朽的时光,8,529 ,2294 ,,727000,417000,154000
龙凤呈祥,8,445 ,673 ,,163000,31000,5000
消失爱人,7.9,147000 ,69000 ,370000 ,64421000,40642000,18454000
爱情麻辣烫之情定终身,7.9,13000 ,26000 ,,17302000,15526000,6668000
我是处女座,7.9,3218 ,21000 ,,4672000,4182000,3178000
一切都好,7.9,12000 ,19000 ,9110000 ,26205000,20085000,8421000
冰河追凶,7.9,51000 ,18000 ,340000 ,43087000,27085000,9026000
辣警霸王花,7.9,2858 ,9601 ,,3630000,1000000,240000
糖果世界大冒险,7.9,4610 ,7287 ,,5053000,1984000,221000
轩辕大帝,7.9,1448 ,5597 ,,1514000,516000,200000
我的圣途,7.9,1358 ,2568 ,,671000,477000,234000
花样厨神,7.9,2245 ,2535 ,,2413000,1868000,1035000
爵迹,7.8,415000 ,395000 ,,382520000,197947000,58724000
摆渡人,7.8,367000 ,203000 ,,482557000,280742000,79420000
我不是潘金莲,7.8,351000 ,186000 ,,482794000,205476000,70273000
我们的十年,7.8,70000 ,113000 ,,43984000,24863000,7978000
三少爷的剑,7.8,90000 ,98000 ,,100462000,52756000,18574000
最萌身高差,7.8,9927 ,40000 ,,6187000,3868000,1381000
小明和他的小伙伴们,7.8,16000 ,11000 ,,11232000,7004000,2139000
终极胜利,7.8,332 ,5103 ,,1058000,434000,252000
丑小鸭历险记,7.8,5713 ,4939 ,,4314000,2844000,1528000
我的老婆是明星,7.8,2144 ,3105 ,,1477000,909000,248000
致青春・原来你还在这里,7.7,249000 ,275000 ,,336137000,178566000,79867000
西游记之孙悟空三打白骨精,7.7,664000 ,208000 ,,1198536000,768805000,166329000
梦想合伙人,7.7,145000 ,64000 ,,80845000,51688000,17299000
我叫MT之山口山战记,7.7,32000 ,43000 ,,12134000,9710000,3057000
致我们终将到来的爱情,7.7,25000 ,27000 ,,8035000,5169000,1807000
你好，疯子！,7.7,19000 ,23000 ,,15663000,10177000,3651000
宝贝当家,7.7,10000 ,18000 ,,15201000,11314000,3558000
在世界中心呼唤爱,7.7,20000 ,13000 ,,11042000,8128000,3627000
少年,7.7,17000 ,12000 ,,15878000,8562000,3239000
超级保镖,7.7,12000 ,10000 ,,5509000,3592000,1361000
灵偶契约,7.7,26000 ,8574 ,,16864000,6784000,1942000
哪一天我们会飞,7.7,3700 ,8401 ,,5016000,3802000,1074000
功夫四侠,7.7,2511 ,3275 ,,2456000,1319000,748000
王牌逗王牌,7.6,199000 ,132000 ,34860000 ,260019000,107136000,22845000
我最好朋友的婚礼,7.6,29000 ,89000 ,,37415000,23661000,9269000
罗曼蒂克消亡史,7.6,123000 ,61000 ,,122780000,65849000,21695000
大唐玄奘,7.6,34000 ,24000 ,,32980000,18206000,4856000
一句顶一万句,7.6,9237 ,11000 ,,20880000,10845000,4108000
箭士柳白猿,7.6,3642 ,4611 ,,6475000,2397000,706000
情况不妙,7.6,5724 ,2658 ,,8835000,6468000,2401000
魔轮,7.5,11000 ,11000 ,,7871000,4712000,1994000
长江图,7.5,3019 ,7116 ,,3262000,2130000,674000
灯塔下的恋人,7.5,339 ,2023 ,,207000,140000,45000
小蚂蚁之环球大冒险,7.5,1227 ,1760 ,,1108000,376000,22000
过年好,7.4,50000 ,20000 ,,53983000,46317000,9967000
青蛙总动员,7.4,13000 ,15000 ,,12547000,4802000,2159000
奇葩追梦,7.4,471 ,1293 ,,488000,281000,116000
提款机,7.4,331 ,853 ,,170000,98000,48000
狱中惊魂,7.4,595 ,648 ,,327000,243000,120000
那年夏天你去了哪里,7.3,30000 ,56000 ,,34665000,27880000,10674000
冲天火,7.3,48000 ,30000 ,,36168000,26426000,10538000
呆呆计划,7.3,2699 ,19000 ,,4482000,2388000,892000
不离不弃,7.3,886 ,17000 ,,434000,293000,136000
夏威夷之恋,7.3,4213 ,12000 ,,2156000,1762000,779000
泰迪熊之玩具大战,7.3,9523 ,7076 ,270000 ,7516000,6605000,2677000
水果宝贝之水果总动员,7.3,3570 ,4599 ,,3920000,3606000,3033000
阿里巴巴2所罗门封印,7.3,7185 ,3349 ,190000 ,22038000,2703000,1204000
惊天破,7.2,87000 ,136000 ,,114142000,79984000,20688000
三人行,7.2,102000 ,73000 ,,100381000,62500000,22866000
那件疯狂的小事叫爱情,7.2,55000 ,53000 ,,36556000,17299000,7772000
纽约纽约,7.2,7937 ,16000 ,,9536000,6317000,2647000
魔宫魅影,7.1,52000 ,71000 ,,88299000,52253000,14705000
谎言西西里,7.1,48000 ,49000 ,,18051000,17700000,14650000
不速之客,7.1,18000 ,14000 ,,3917000,2628000,880000
冒牌卧底,7.1,1563 ,12000 ,,22267000,14044000,7617000
凄灵室,7.1,2310 ,7160 ,,1855000,903000,321000
猫脸老太太,7.1,9104 ,5555 ,,5840000,2592000,812000
一家老小向前冲,7.1,2299 ,4777 ,,2379000,1676000,698000
大话西游3,7,359000 ,287000 ,,365518000,251028000,41944000
我的新野蛮女友,7,37000 ,72000 ,,34129000,23914000,8450000
夺路而逃,7,12000 ,21000 ,,2499000,1871000,630000
一条叫王子的狗,7,1112 ,6395 ,,706000,603000,314000
黑处有什么,7,7959 ,4547 ,,7600000,4157000,1414000
澳门风云3,6.9,1015000 ,528000 ,,1116398000,791584000,176052000
超级幼儿园,6.9,1273 ,7875 ,13220000 ,2273000,966000,555000
张震讲故事之合租屋,6.9,3853 ,6272 ,,4419000,2733000,1090000
新木偶奇遇记,6.9,1785 ,4554 ,,2569000,365000,48000
卧虎藏龙：青冥宝剑,6.8,178000 ,92000 ,,93739000,51254000,19632000
真相禁区,6.8,50000 ,45000 ,,41996000,25915000,11088000
凶手还未睡,6.8,2441 ,14000 ,,2149000,1282000,410000
近在咫尺的爱恋,6.8,2270 ,13000 ,,1365000,792000,294000
谎言大爆炸,6.8,2358 ,4520 ,,877000,187000,77000
恭喜发财之谈钱说爱,6.8,2110 ,3449 ,,2764000,2166000,993000
整形师・脸,6.8,4559 ,2585 ,4540000 ,23745000,1753000,823000
白雪公主和三只小猪,6.7,2677 ,7405 ,,1768000,1240000,375000
购物女王,6.7,760 ,1874 ,,276000,202000,98000
小魔仙之黑魔法来袭,6.7,1184 ,934 ,,535000,465000,46000
再见，在也不见,6.6,15000 ,36000 ,,11458000,8274000,3236000
育婴室,6.6,8997 ,26000 ,,8043000,4106000,1552000
笑林足球,6.6,1229 ,8463 ,,867000,655000,262000
恋爱教父之三个“坏”家伙,6.6,1057 ,7935 ,,1114000,517000,243000
回乡逗儿,6.6,466 ,5796 ,,442000,296000,113000
夜孔雀,6.5,37000 ,53000 ,,33132000,24981000,13071000
判我有罪,6.5,1416 ,5709 ,5840000 ,8659000,757000,295000
爱在深秋,6.5,493 ,4801 ,,1130000,962000,408000
记忆碎片,6.5,3725 ,4154 ,,3601000,2232000,795000
妖医,6.4,10000 ,27000 ,,8740000,4802000,1739000
谋杀似水年华,6.4,18000 ,25000 ,,13451000,9360000,9327000
半熟少女,6.4,20000 ,13000 ,,2333000,1682000,687000
我的“狐朋狗友”,6.4,831 ,4373 ,,744000,543000,207000
当我们年轻的时候,6.4,1604 ,4172 ,,305000,188000,77000
恐怖将映,6.3,12000 ,6252 ,,6066000,3284000,1242000
封神传奇,6.2,315000 ,106000 ,,283285000,201264000,77930000
枕边有张脸2,6.2,3248 ,9782 ,,2181000,1181000,389000
钢刀,6.1,22000 ,11000 ,,9389000,7780000,5030000
白云桥,6.1,4954 ,4173 ,,1970000,1168000,411000
泡沫之夏,6,13000 ,38000 ,,8110000,7186000,3654000
笔仙诡影,6,13000 ,25000 ,,7322000,3611000,1127000
极限挑战之皇家宝藏,5.8,150000 ,124000 ,,125305000,77593000,28553000
妄想症,5.8,4486 ,4131 ,710000 ,20954000,774000,281000
恐怖笔记,5.8,1759 ,3646 ,,2606000,670000,217000
死亡游戏,5.8,7958 ,3301 ,,5507000,2168000,731000
蒸发太平洋,5.7,46000 ,42000 ,,35012000,21320000,7874000
终极硬汉,5.7,11000 ,4497 ,,4913000,4321000,2621000
热血雷锋侠之激情营救,5.7,2024 ,3199 ,,630000,306000,50000
笔仙撞碟仙,5.6,11000 ,17000 ,,5218000,2872000,1033000
蜜月酒店杀人事件,5.6,6253 ,9788 ,,7604000,4570000,1400000
食人岛,5.6,3402 ,7534 ,,3206000,1537000,630000
失眠男女,5.6,831 ,3069 ,,2234000,1671000,804000
隔壁惊魂,5.6,1858 ,2758 ,,1044000,571000,189000
古曼,5.5,6834 ,14000 ,,3628000,1434000,571000
七月半2：前世今生,5.5,9767 ,9630 ,,7082000,4102000,1346000
708090之深圳恋歌,5.5,824 ,3971 ,,426000,303000,176000
聊斋新编之画皮新娘,5.4,6535 ,18000 ,1060000 ,4522000,2457000,1124000
我们毕业啦,5.4,5984 ,15000 ,,2932000,1458000,782000
死亡笔记,5.4,5805 ,5013 ,,4433000,2880000,1735000
喜乐长安,5.3,6984 ,13000 ,,1718000,1298000,595000
床下有人3,5.3,14000 ,8057 ,,9281000,4768000,1607000
荒村凶间,5.3,6701 ,3040 ,,3427000,1809000,648000
筷仙,5.2,20000 ,20000 ,,10806000,4821000,1615000
国酒,5.2,304 ,2194 ,,10214000,3860000,1327000
笨贼别跑,5.2,337 ,1509 ,,16771000,104000,36000
恐怖照相机,5,2864 ,16000 ,,1337000,640000,187000
幽灵医院,5,8673 ,5087 ,,4848000,1487000,613000
夜半哭声,4.9,3849 ,2946 ,,2292000,1248000,449000
海洋之恋,4.9,1113 ,2600 ,,560000,255000,70000
诡新娘,4.7,7115 ,12000 ,,3993000,2225000,915000
诡梦凶铃,4.7,5030 ,7534 ,,11864000,1972000,784000
奔爱,4.5,77000 ,73000 ,,47409000,36210000,36081000
党的女儿尹灵芝,4.5,462 ,871 ,,759000,327000,304000
怨灵地下室,4.4,4199 ,17000 ,,2090000,1214000,451000
恐怖禁忌之红旗袍,4.2,8488 ,5176 ,,3867000,2171000,311000
午夜寻访录,4.1,1806 ,2000 ,,1037000,634000,219000
古田会议,4.1,330 ,236 ,,1090000,217000,170000
别开门,4,1080 ,11000 ,,415000,196000,71000
诡娃,4,9509 ,7416 ,,5248000,2916000,662000
催命符之劫后重生,3.6,4250 ,12000 ,,2368000,1365000,405000
恐怖爱情故事之死亡公路,3.3,1387 ,3473 ,,738000,381000,153000
女神时代,3.2,559 ,1323 ,,221000,164000,86000
绝战,2.5,291 ,689 ,,604000,236000,221000
爸爸的3次婚礼,,,24000 ,,945000,642000,261000
勇士之门,,,23000 ,,22817000,17176000,6292000
在刺刀和藩篱下,9.6,890 ,7205 ,,116000,0,0
我的少女时代,9.2,567000 ,55000 ,,358931000,107284000,20689000
熊出没之雪岭熊风,9.2,205000 ,9877 ,,294114000,101820000,27723000
甜蜜蜜,9.2,12000 ,6563 ,,12331000,9287000,1686000
老炮儿,9.1,868000 ,199000 ,,898998000,253105000,55009000
碟中谍5：神秘国度,9,878000 ,406000 ,27830000 ,869769000,553079000,108051000
旋风九日,9,9486 ,4722 ,,16898000,2678000,947000
分手再说我爱你,8.9,20000 ,20000 ,,12677000,5460000,1169000
藏羚王,8.9,6967 ,7115 ,,4755000,2511000,164000
胜利大阅兵,8.9,446 ,529 ,,324000,216000,21000
守梦者,8.8,568 ,9296 ,,313000,43000,12000
赛尔号大电影5：雷神崛起,8.7,50000 ,22000 ,,56623000,41244000,11914000
奥拉星：进击圣殿,8.6,11000 ,28000 ,,8479000,7023000,3064000
龙在哪里？,8.6,11000 ,23000 ,,24619000,14947000,2358000
喜马拉雅天梯,8.5,6179 ,9960 ,,11560000,2443000,632000
潜艇总动员之时光宝盒,8.5,37000 ,7674 ,,46726000,14682000,1089000
1980年代的爱情,8.5,1913 ,2998 ,480000 ,1770000,939000,343000
玩命速递：重启之战,8.4,153000 ,100000 ,,128209000,70232000,19624000
解救吾先生,8.4,265000 ,65000 ,,195920000,82390000,13307000
洛克王国4：出发！巨人谷,8.4,59000 ,16000 ,,76984000,35480000,8284000
听说,8.4,5724 ,9070 ,,2439000,1354000,434000
少年毛泽东,8.4,1898 ,2390 ,,747000,359000,50000
梦开始的地方,8.4,16 ,1 ,,114000,1000,1000
小时代4：灵魂尽头,8.3,598000 ,259000 ,,485523000,364698000,107167000
前任2：备胎反击战,8.3,369000 ,139000 ,,251899000,108788000,29346000
极盗者,8.3,239000 ,44000 ,,248123000,76343000,18831000
蜡笔总动员,8.3,28000 ,5681 ,,6514000,3765000,1076000
喜羊羊与灰太狼之羊年喜羊羊,8.3,63000 ,4732 ,,67436000,26317000,14754000
兔侠之青黎传说,8.3,9008 ,1753 ,,29353000,2508000,1260000
西藏天空,8.3,533 ,1445 ,140000 ,16409000,242000,45000
约定倒计时,8.3,1205 ,1231 ,,676000,572000,390000
既然青春留不住,8.2,88000 ,78000 ,,50203000,28327000,9301000
一代宗师3D,8.2,39000 ,14000 ,,97741000,30330000,5308000
兔子镇的火狐狸,8.2,2410 ,5186 ,,2571000,2192000,214000
金箍棒传奇2：沙僧的逆袭,8.2,4886 ,3317 ,,5510000,2645000,202000
小时代4：灵魂尽头（含纪录片《最好的我们》）,8.1,6957 ,,,2903000,2579000,658000
恶棍天使,8,1008000 ,512000 ,,648384000,508692000,152425000
杜拉拉追婚记,8,48000 ,75000 ,,49599000,26268000,8174000
像素大战,8,85000 ,74000 ,,100969000,77786000,12963000
长江7号：超萌特攻队,8,6565 ,12000 ,,8327000,4555000,2289000
大喜临门,8,7812 ,4168 ,,7659000,4606000,1013000
昆塔：盒子总动员,8,4343 ,2535 ,,18103000,1291000,656000
龙骑侠,8,6775 ,2255 ,,10408000,8164000,3391000
味道中国,8,2397 ,2230 ,,777000,477000,151000
北京时间,8,655 ,1655 ,,5000,0,0
万万没想到,7.9,702000 ,252000 ,,322010000,150869000,49933000
左耳,7.9,562000 ,82000 ,,485225000,198039000,55240000
男神时代,7.9,32000 ,45000 ,,8258000,7762000,2246000
坏蛋必须死,7.9,67000 ,44000 ,,46957000,30789000,7887000
落跑吧爱情,7.9,22000 ,12000 ,,13056000,9096000,3578000
巴啦啦小魔仙之魔箭公主,7.9,24000 ,11000 ,,38284000,19786000,5853000
小猪班纳大电影之梦想大“帽”险,7.9,6391 ,2977 ,,4492000,2523000,1091000
特功明星,7.9,2615 ,1563 ,,3050000,2253000,307000
开罗宣言,7.8,6808 ,12000 ,,9023000,5576000,1621000
天眼传奇,7.8,8784 ,8871 ,,4105000,3230000,1107000
闯入者,7.8,11000 ,6089 ,,10035000,3756000,450000
横冲直撞好莱坞,7.7,293000 ,65000 ,,322359000,169668000,54596000
回到被爱的每一天,7.7,1934 ,6053 ,,1686000,1567000,601000
一刻十年,7.7,820 ,3642 ,,117000,82000,34000
怦然星动,7.6,228000 ,172000 ,,159452000,98719000,25967000
我爸比我小四岁,7.6,1179 ,6381 ,,3324000,2180000,596000
西游超级粉,7.6,3572 ,4759 ,,2458000,1088000,258000
圣诞大赢家,7.6,5873 ,3666 ,10000 ,46913000,2981000,1576000
犹太女孩在上海2：项链密码,7.6,579 ,2399 ,,1647000,287000,116000
闯堂兔2：疯狂马戏团,7.5,10000 ,3659 ,310000 ,20660000,11259000,5198000
我是大熊猫之熊猫大侠,7.4,1779 ,3277 ,,853000,520000,295000
拳霸风云,7.3,826 ,17000 ,,1336000,940000,417000
念念,7.3,7301 ,9089 ,,13895000,5207000,798000
妈咪侠,7.3,336 ,3492 ,,143000,65000,22000
痞子・洛克,7.1,582 ,1122 ,,157000,71000,23000
我亲爱的小淘气,7.1,374 ,672 ,,100000,4000,2000
黄河,7.1,118 ,541 ,,56000,0,0
默守那份情,7.1,278 ,216 ,,817000,533000,464000
燃烧的影像,7.1,156 ,190 ,,152000,74000,46000
不能错过,7,383 ,2552 ,,119000,61000,22000
枪过境,7,529 ,1811 ,,1368000,1338000,662000
受降前夕,7,123 ,1411 ,,70000,18000,4000
钢铁，是这样炼成的,7,230 ,906 ,,99000,6000,1000
角逐,7,203 ,556 ,,125000,22000,7000
无法证明,7,93 ,232 ,,144000,84000,59000
点对点,7,77 ,183 ,,74000,60000,35000
永远的守望,7,132 ,116 ,,92000,12000,12000
迫在眉睫,7,20 ,19 ,,26000,17000,5000
踏雪寻梅,7,67 ,13 ,,36000,16000,5000
姑鲁之恋,7,5 ,2 ,,5000,3000,3000
我是乡下爷,7,11 ,1 ,,27000,27000,12000
大话西游之月光宝盒,9.6,12000 ,9167 ,,10263000,5961000,1461000
亲爱的,9.2,133000 ,34000 ,,344619000,102419000,29074000
有一天,9.1,5527 ,6216 ,560000 ,1647000,1079000,318000
熊出没之夺宝熊兵,9.1,9853 ,4475 ,,247842000,101511000,31998000
龙之谷：破晓奇兵,9,24000 ,40000 ,3480000 ,57412000,35328000,7160000
神秘世界历险记2,9,21000 ,5125 ,,61924000,32560000,9062000
大话西游之大圣娶亲,8.8,242000 ,78000 ,150000000 ,177613000,1794000,1794000
归来,8.6,34000 ,12000 ,51150000 ,291370000,81325000,21195000
赛尔号大电影4：圣魔之战,8.5,12000 ,4409 ,,62274000,39489000,10910000
魔幻仙踪,8.5,2202 ,1552 ,,21841000,12394000,1065000
铠甲勇士之雅塔莱斯,8.4,15000 ,4004 ,,44399000,31191000,5925000
洛克王国3圣龙的守护,8.4,8431 ,3134 ,,47808000,30772000,8747000
单身男女2,8.3,184000 ,30000 ,,198480000,124347000,44913000
麦兜我和我妈妈,8.3,20000 ,15000 ,3690000 ,46705000,29534000,7798000
追爱大布局,8.3,1667 ,3336 ,,5586000,4675000,1200000
开心超人2：启源星之战,8.3,5647 ,2487 ,,27865000,16419000,3540000
猪猪侠之勇闯巨人岛,8.3,7978 ,1854 ,,43568000,23899000,7379000
推拿,8.2,2889 ,4041 ,,13515000,1896000,682000
81号农场之疯狂的麦咭,8.2,3520 ,1462 ,,18513000,13673000,3598000
聪明的一休之反斗公主,8.2,1265 ,947 ,,7980000,6026000,633000
痞子英雄2：黎明升起,8.1,49000 ,20000 ,,204239000,130933000,31883000
夜莺,8.1,1821 ,3574 ,,21978000,1270000,307000
匆匆那年,8,380000 ,74000 ,,588598000,206925000,59863000
男人不可以穷,8,13000 ,12000 ,,13647000,7932000,2190000
反贪风暴,8,28000 ,12000 ,,95133000,34397000,17246000
37次想你,8,1394 ,2939 ,,499000,343000,135000
辛巴达历险记2,8,3104 ,1449 ,,25933000,16685000,1820000
怒放之青春再见,8,263 ,627 ,,1989000,1057000,472000
打工老板,8,72 ,137 ,,556000,358000,55000
一生一世,7.9,89000 ,27000 ,,227786000,72378000,18475000
龟兔再跑,7.9,4063 ,1632 ,,11666000,4640000,2099000
大峰祖师,7.9,279 ,905 ,,360000,298000,136000
孕城,7.8,37 ,70 ,,207000,58000,25000
不再说分手,7.7,3285 ,4031 ,,10137000,6544000,1020000
小时代3：刺金时代,7.6,194000 ,72000 ,,521259000,315372000,107642000
露水红颜,7.6,40000 ,17000 ,,66305000,34974000,10687000
破局,7.6,353 ,830 ,,1143000,542000,198000
求爱嫁期,7.6,456 ,655 ,,3776000,2129000,597000
天河,7.6,546 ,310 ,,34084000,660000,562000
超验骇客,7.5,19000 ,8547 ,,125749000,66760000,19815000
我是狼之火龙山大冒险,7.5,271 ,903 ,,1705000,673000,250000
巴啦啦小魔仙之魔法的考验,7.5,1285 ,877 ,,19143000,12611000,4181000
太平轮（上）,7.2,54000 ,21000 ,,195092000,110656000,24067000
不能说的夏天,7.2,19000 ,9866 ,,16622000,11109000,3147000
近距离击杀,7.2,89 ,316 ,,269000,244000,110000
触不可及,7.1,10000 ,6385 ,1470000 ,76704000,39951000,12119000
斐济99℃爱情,7.1,553 ,802 ,,1110000,669000,212000
喵星少年漂流记,7.1,99 ,270 ,,1652000,918000,211000
爱你一世一生,7,1614 ,2076 ,,835000,639000,162000
拆散专家,7,1123 ,1422 ,,5993000,3058000,1098000
U盘,7,76 ,326 ,,389000,144000,74000
情笛之爱,7,59 ,177 ,,194000,81000,81000
兰亭,7,24 ,90 ,,2143000,27000,18000
夺樽,7,25 ,86 ,,655000,481000,132000
永不消失的广播,7,31 ,74 ,,386000,201000,94000
X战警：黑凤凰,7.9,175000 ,307000 ,30200000 ,409247000,308864000,80196000
雷霆沙赞！,7.9,142000 ,107000 ,18250000 ,294740000,206049000,97238000
惊涛迷局,7.9,690 ,2869 ,30000 ,648000,471000,230000
勇敢者游戏2：再战巅峰,7.8,125000 ,118000 ,38150000 ,289243000,173637000,61398000
星球大战：天行者崛起,7.8,45000 ,66000 ,1860000 ,143805000,73238000,17025000
黑衣人：全球追缉,7.7,123000 ,187000 ,31590000 ,307977000,179256000,59438000
死侍2：我爱我家,7.6,188000 ,129000 ,37760000 ,286812000,152470000,56721000
真相漩涡,7.5,686 ,11000 ,40000 ,684000,478000,246000
巨鳄风暴,7.4,50000 ,23000 ,6050000 ,74469000,47028000,15158000
冷血追击,7.4,6110 ,12000 ,2080000 ,5366000,4056000,2244000
星际探索,6.7,23000 ,33000 ,6960000 ,22859000,19500000,5299000
死寂逃亡,6.5,9358 ,21000 ,5350000 ,9903000,7262000,3728000
海王,9.3,1188000 ,251000 ,65770000 ,2013064000,652113000,156816000
毒液：致命守护者,9.2,1211000 ,394000 ,100000000 ,1870644000,766779000,223384000
传奇的诞生,9.2,24000 ,42000 ,2310000 ,28276000,17308000,4658000
雪怪大冒险,9.2,42000 ,6047 ,11100000 ,75085000,27135000,2273000
摩天营救,9.1,487000 ,118000 ,31880000 ,669813000,329228000,90672000
神探狗笨吉,9.1,3525 ,24000 ,470000 ,3951000,1902000,823000
复仇者联盟3：无限战争,9,1702000 ,1146000 ,170000000 ,2390505000,1272238000,387260000
碟中谍6：全面瓦解,9,541000 ,242000 ,64360000 ,1245222000,530818000,168233000
头号玩家,9,968000 ,105000 ,66340000 ,1396675000,390679000,85690000
公牛历险记,9,105000 ,16000 ,5000000 ,172014000,59915000,9154000
狂暴巨兽,8.9,876000 ,161000 ,67620000 ,1003963000,350252000,94592000
比得兔,8.9,155000 ,76000 ,24870000 ,168394000,80148000,20015000
超人总动员2,8.9,201000 ,68000 ,26410000 ,354385000,137206000,30401000
马戏之王,8.9,77000 ,17000 ,8420000 ,101251000,48025000,13601000
蚁人2：黄蜂女现身,8.8,443000 ,319000 ,48800000 ,831559000,464992000,154491000
蜘蛛侠：平行宇宙,8.8,227000 ,105000 ,70980000 ,427528000,179482000,44026000
无敌破坏王2：大闹互联网,8.8,130000 ,102000 ,26830000 ,271174000,135669000,28623000
妈妈咪呀2,8.8,4253 ,8676 ,12810000 ,4148000,2220000,624000
精灵旅社3：疯狂假期,8.7,133000 ,134000 ,21580000 ,223615000,116236000,51526000
小马宝莉大电影,8.7,33000 ,30000 ,9000000 ,46813000,16983000,5408000
侏罗纪世界2,8.6,996000 ,621000 ,150000000 ,1695906000,734365000,202460000
勇敢者游戏：决战丛林,8.6,312000 ,101000 ,12230000 ,491962000,258352000,74420000
憨豆特工3,8.6,107000 ,94000 ,12430000 ,172307000,79535000,21344000
三块广告牌,8.6,35000 ,36000 ,5540000 ,64990000,15025000,2960000
绿毛怪格林奇,8.6,13000 ,14000 ,9830000 ,26438000,19485000,2742000
淘气大侦探,8.5,6698 ,47000 ,2600000 ,10415000,7014000,2703000
爱猫之城,8.5,2666 ,24000 ,2380000 ,2820000,1156000,566000
虎胆追凶,8.5,16000 ,19000 ,9360000 ,22418000,13377000,4742000
汪星卧底,8.5,11000 ,18000 ,2460000 ,14991000,8211000,2933000
网络谜踪,8.5,15000 ,11000 ,3860000 ,30494000,18289000,5146000
黑豹,8.4,512000 ,283000 ,32880000 ,662596000,422951000,131770000
通勤营救,8.4,35000 ,29000 ,4460000 ,45405000,26088000,8120000
飓风奇劫,8.4,57000 ,6385 ,4660000 ,95124000,48904000,9157000
古墓丽影：源起之战,8.3,317000 ,154000 ,42150000 ,497480000,262742000,76777000
阿尔法：狼伴归途,8.3,69000 ,86000 ,16250000 ,114566000,70232000,22097000
忌日快乐,8.3,55000 ,24000 ,11740000 ,61262000,16649000,5051000
战犬瑞克斯,8.3,6756 ,16000 ,12030000 ,6708000,3860000,1502000
游侠索罗：星球大战外传,8.2,53000 ,35000 ,8580000 ,106306000,63183000,20104000
摘金奇缘,8.2,8798 ,11000 ,28080000 ,11489000,7981000,2881000
环太平洋：雷霆再起,8.1,496000 ,338000 ,54430000 ,633230000,411578000,136244000
我的间谍前男友,8.1,44000 ,21000 ,8280000 ,61745000,40092000,12072000
移动迷宫3：死亡解药,8,195000 ,129000 ,24210000 ,315281000,145996000,52325000
水形物语,8,95000 ,83000 ,12230000 ,105423000,67718000,21817000
金钱世界,8,9024 ,20000 ,4420000 ,11157000,6801000,2638000
神奇动物：格林德沃之罪,7.9,196000 ,193000 ,30120000 ,398875000,260814000,80405000
星球大战：最后的绝地武士,7.9,139000 ,103000 ,4940000 ,267944000,186571000,61406000
第一夫人,7.9,2266 ,49000 ,210000 ,2130000,1246000,603000
胡桃夹子和四个王国,7.9,60000 ,47000 ,8640000 ,112570000,82552000,23662000
犬之岛,7.9,34000 ,22000 ,9350000 ,43525000,26054000,6928000
无敌原始人,7.9,2231 ,4758 ,2130000 ,3595000,2807000,367000
铁血战士,7.8,133000 ,103000 ,21730000 ,216865000,135806000,48649000
绝命时钟2:22,7.8,1323 ,3726 ,140000 ,2262000,1692000,992000
寂静之地,7.7,211000 ,137000 ,34230000 ,220892000,113176000,33302000
滴答屋,7.6,10000 ,14000 ,8380000 ,19047000,16547000,5515000
惊涛飓浪,7.5,9659 ,36000 ,5740000 ,11145000,8030000,3811000
湮灭,7.4,58000 ,74000 ,29100000 ,66080000,38377000,13752000
迷镇凶案,7.1,7594 ,12000 ,320000 ,5674000,4356000,1606000
深海越狱,7,50000 ,90000 ,6570000 ,51375000,40755000,17660000
夺命来电,6.6,1957 ,5535 ,16540000 ,1241000,761000,305000
金蝉脱壳2：冥府,6.5,130000 ,148000 ,51540000 ,91323000,70930000,35354000
凤凰城遗忘录,6.5,928 ,12000 ,200000 ,749000,626000,420000
超能泰坦,5.9,16000 ,28000 ,1920000 ,14276000,12072000,6227000
火力全开,9.6,6482 ,9632 ,,2403000,1558000,527000
速度与激情8,9.3,1838000 ,321000 ,44240000 ,2671055000,1352025000,417072000
欢乐好声音,9.2,147000 ,17000 ,,215688000,83093000,14811000
银河护卫队2,9.1,473000 ,155000 ,,686112000,342809000,98608000
帕丁顿熊2,9.1,186000 ,40000 ,6940000 ,206472000,104590000,26246000
理查大冒险,9.1,1828 ,851 ,,2342000,1464000,183000
蓝精灵：寻找神秘村,9,125000 ,105000 ,,173917000,77587000,14062000
天梯：蔡国强的艺术,9,1046 ,2227 ,3700000 ,2102000,485000,127000
加勒比海盗5：死无对证,8.9,805000 ,519000 ,,1179902000,468800000,133209000
雷神3：诸神黄昏,8.9,499000 ,218000 ,11450000 ,743708000,362690000,105996000
王牌保镖,8.9,141000 ,23000 ,,139789000,90205000,26165000
神偷奶爸3,8.8,713000 ,251000 ,,1037808000,444149000,137809000
赛车总动员3：极速挑战,8.8,98000 ,62000 ,,137111000,72134000,19937000
我是马布里,8.8,11000 ,30000 ,,8899000,5572000,2416000
海边的曼彻斯特,8.8,6479 ,18000 ,,8181000,2695000,762000
至暗时刻,8.8,24000 ,5423 ,960000 ,37316000,14082000,2719000
王牌特工2：黄金圈,8.7,312000 ,244000 ,,474270000,263699000,78312000
极限特工：终极回归,8.7,695000 ,132000 ,,1125169000,434323000,143136000
全球风暴,8.7,305000 ,92000 ,,434030000,226095000,65054000
雄狮,8.7,14000 ,9868 ,,17168000,9681000,2034000
勇往直前,8.7,8780 ,5732 ,520000 ,9038000,5742000,2481000
正义联盟,8.6,443000 ,176000 ,15040000 ,690584000,345326000,100760000
神奇女侠,8.6,429000 ,123000 ,,610096000,263673000,74017000
金刚狼3：殊死一战,8.6,491000 ,86000 ,,730084000,341604000,103353000
爱乐之城,8.6,177000 ,37000 ,,247251000,159693000,71364000
银河守卫队,8.6,1894 ,6677 ,,2571000,1032000,227000
生化危机：终章,8.5,779000 ,251000 ,,1109490000,654169000,213307000
太空旅客,8.5,185000 ,44000 ,,313854000,128451000,39148000
魔弦传说,8.5,27000 ,14000 ,70000 ,43745000,22124000,7150000
乐高蝙蝠侠大电影,8.5,23000 ,13000 ,,41994000,24554000,3915000
单身日记：好孕来袭,8.5,3512 ,3977 ,,5501000,1691000,1668000
双面劫匪,8.4,2945 ,2006 ,120000 ,3249000,2416000,1138000
金刚：骷髅岛,8.3,729000 ,85000 ,,1158914000,501057000,150640000
荡寇风云,8.3,63000 ,26000 ,,65121000,28647000,14972000
回到火星,8.3,15000 ,11000 ,,9628000,7657000,3745000
恐袭波士顿,8.3,17000 ,6226 ,850000 ,21088000,13139000,3387000
玩命直播,8.3,14000 ,2328 ,,12944000,7843000,1954000
猩球崛起3：终极之战,8.2,520000 ,414000 ,,740495000,403364000,123902000
美女与野兽,8.2,350000 ,94000 ,,590299000,310078000,83720000
东方快车谋杀案,8.2,166000 ,72000 ,3690000 ,230222000,127057000,32885000
刺杀盖世太保,8.2,3061 ,4458 ,290000 ,3928000,2805000,1254000
敦刻尔克,8.1,239000 ,155000 ,,339900000,198239000,57536000
星球大战外传：侠盗一号,8,264000 ,100000 ,,477186000,224386000,71667000
亚瑟王：斗兽争霸,8,40000 ,27000 ,,57063000,36860000,11774000
天才捕手,8,10000 ,21000 ,,14729000,9483000,3495000
极盗车神,7.8,111000 ,64000 ,,108832000,64833000,24960000
攻壳机动队,7.8,138000 ,57000 ,,202480000,148517000,49656000
降临,7.8,70000 ,16000 ,,108948000,54527000,19571000
异星觉醒,7.7,107000 ,38000 ,,135793000,91024000,25146000
最终幻想15：王者之剑,7.7,32000 ,27000 ,,28725000,20995000,7645000
惊天解密,7.7,4496 ,3266 ,,3874000,2490000,851000
当怪物来敲门,7.6,10000 ,16000 ,,14552000,10865000,2570000
变形金刚5：最后的骑士,7.5,992000 ,533000 ,,1551233000,871827000,289593000
银翼杀手2049,7.3,75000 ,34000 ,,76958000,50681000,16076000
新木乃伊,7.1,443000 ,123000 ,,625595000,359704000,120039000
鲨海,7.1,30000 ,18000 ,3870000 ,38725000,27391000,10928000
异形：契约,6.9,302000 ,142000 ,,311164000,199515000,69994000
空难余波,6.6,786 ,4414 ,150000 ,971000,678000,275000
迷失Z城,6.4,10000 ,8713 ,,7035000,4591000,1839000
末日重启,5.4,1095 ,3055 ,270000 ,1149000,847000,403000
深宫怨灵,4.4,7315 ,5465 ,660000 ,3703000,2322000,1047000
疯狂动物城,9.5,1340000 ,53000 ,,1527705000,155172000,22426000
血战钢锯岭,9.3,391000 ,32000 ,,425779000,117615000,17542000
海洋奇缘,9.1,175000 ,43000 ,,226665000,85455000,13316000
鼠来宝4：萌在逋,9,91000 ,45000 ,,62560000,36935000,7268000
我们诞生在中国,9,45000 ,13000 ,16740000 ,66516000,15017000,2933000
魔发精灵,9,42000 ,8731 ,,54662000,32518000,4443000
X战警：天启,8.9,716000 ,560000 ,,800803000,384897000,111429000
奇异博士,8.9,569000 ,205000 ,,750127000,299792000,81435000
神奇动物在哪里,8.9,412000 ,131000 ,140000000 ,590808000,283087000,74797000
奇幻森林,8.9,794000 ,123000 ,,976696000,318115000,78037000
逗鸟外传：萌宝满天飞,8.9,71000 ,7877 ,,77616000,34806000,4893000
萨利机长,8.8,43000 ,21000 ,,62150000,38001000,10957000
飞鹰艾迪,8.8,7141 ,4891 ,,6686000,2718000,712000
机械师2：复活,8.7,284000 ,151000 ,,338388000,166299000,51648000
冰川时代5：星际碰撞,8.7,335000 ,132000 ,,446594000,285048000,55274000
愤怒的小鸟,8.7,462000 ,123000 ,,512972000,197412000,53500000
美国队长3,8.6,1040000 ,568000 ,,1243965000,626848000,180842000
忍者神龟2：破影而出,8.6,320000 ,285000 ,,392634000,170116000,90906000
星际迷航3：超越星辰,8.6,324000 ,222000 ,,440207000,206482000,62297000
佩小姐的奇幻城堡,8.6,90000 ,103000 ,,118157000,69375000,19132000
摇滚藏獒,8.6,19000 ,20000 ,,39536000,24619000,3516000
铁拳,8.6,12000 ,16000 ,,7856000,4853000,1498000
惊天魔盗团2,8.5,551000 ,514000 ,,637680000,287769000,88548000
绝地逃亡,8.5,667000 ,276000 ,,887581000,406344000,98227000
爱丽丝梦游仙境2：镜中奇遇记,8.5,344000 ,249000 ,,386245000,176996000,47471000
海底总动员2：多莉去哪儿,8.5,202000 ,145000 ,,253686000,119602000,24765000
荒野猎人,8.5,367000 ,126000 ,,376730000,208792000,63830000
伦敦陷落,8.5,271000 ,86000 ,,339094000,159428000,47354000
神战：权力之眼,8.5,206000 ,61000 ,,234956000,130202000,40509000
泰山归来：险战丛林,8.5,224000 ,57000 ,,305375000,183044000,45555000
长城,8.4,899000 ,242000 ,,1173005000,471251000,123467000
独立日：卷土重来,8.4,376000 ,165000 ,,502169000,239937000,71453000
圆梦巨人,8.4,102000 ,28000 ,,143020000,91219000,21875000
谍影重重5,8.3,291000 ,105000 ,,446476000,327950000,74617000
最后的巫师猎人,8.3,225000 ,61000 ,,179623000,62118000,17829000
间谍同盟,8.3,48000 ,43000 ,,30251000,24707000,9629000
比利・林恩的中场战事,8.3,88000 ,34000 ,,164916000,80669000,25385000
深海浩劫,8.3,57000 ,26000 ,2330000 ,72572000,54393000,11190000
谍影特工,8.3,30000 ,17000 ,,29509000,15731000,4213000
鲨滩,8.3,86000 ,16000 ,,101573000,56581000,15400000
星球大战：原力觉醒,8.2,775000 ,291000 ,,810585000,347662000,196156000
云中行走,8.2,82000 ,59000 ,,90695000,44584000,13032000
地心营救,8.2,23000 ,25000 ,,23416000,13938000,4023000
超脑48小时,8.2,105000 ,18000 ,,103353000,51883000,14949000
巴黎危机,8.2,13000 ,4116 ,,14458000,11849000,2300000
但丁密码,8.1,92000 ,54000 ,,134029000,85315000,24226000
侠探杰克：永不回头,8.1,51000 ,36000 ,,60999000,37750000,11069000
超能太阳鸭,8.1,20000 ,7676 ,2670000 ,20032000,15360000,4072000
蝙蝠侠大战超人：正义黎明,8,422000 ,342000 ,,618205000,372456000,120596000
分歧者3：忠诚世界,8,124000 ,59000 ,,121898000,64754000,24726000
邻家大贱谍,8,8902 ,23000 ,,11934000,11009000,3358000
幻体：续命游戏,8,28000 ,20000 ,,35565000,26547000,8134000
魔法老师,8,10000 ,8617 ,,8289000,6603000,2073000
宾虚,7.8,12000 ,6652 ,,17448000,16223000,4851000
终极胜利,7.8,332 ,5103 ,,1058000,434000,252000
黑海夺金,7.8,1212 ,1655 ,,2258000,1506000,415000
猎神：冬日之战,7.7,74000 ,50000 ,,106082000,69018000,22749000
废柴特工,7.7,20000 ,13000 ,,19865000,12961000,4309000
灵偶契约,7.7,26000 ,8574 ,,16864000,6784000,1942000
我最好朋友的婚礼,7.6,29000 ,89000 ,,37415000,23661000,9269000
掠夺者,7.4,11000 ,11000 ,,4384000,2843000,1216000
夏威夷之恋,7.3,4213 ,12000 ,,2156000,1762000,779000
惊天绑架团,7.2,14000 ,61000 ,,13526000,9578000,4638000
绝对控制,7.2,4149 ,6517 ,,6213000,3861000,2509000
卧虎藏龙：青冥宝剑,6.8,178000 ,92000 ,,93739000,51254000,19632000
末日迷踪,6.8,41000 ,30000 ,,35331000,23760000,7584000
白雪公主和三只小猪,6.7,2677 ,7405 ,,1768000,1240000,375000
钢铁骑士,6.4,2857 ,3961 ,,1929000,1850000,990000
红色警戒999,5.8,4915 ,9359 ,,7069000,6277000,3042000
蒸发太平洋,5.7,46000 ,42000 ,,35012000,21320000,7874000
终极硬汉,5.7,11000 ,4497 ,,4913000,4321000,2621000
速度与激情7,9.6,2123000 ,252000 ,,2426588000,398807000,346351000
超能陆战队,9.5,595000 ,31000 ,,524663000,85418000,37459000
模仿游戏,9.3,59000 ,33000 ,,52556000,18934000,2863000
王牌特工：特工学院,9.2,482000 ,26000 ,,483036000,153273000,35046000
侏罗纪世界,9.1,1476000 ,160000 ,45010000 ,1420732000,606727000,101128000
霍比特人3：五军之战,9.1,653000 ,92000 ,,764796000,312486000,90094000
末日崩塌,9.1,671000 ,65000 ,,629673000,318935000,34112000
碟中谍5：神秘国度,9,878000 ,406000 ,27830000 ,869769000,553079000,108051000
火星救援,9,561000 ,131000 ,,585712000,309659000,52396000
精灵旅社2,9,161000 ,128000 ,,119645000,77949000,8129000
头脑特工队,9,91000 ,53000 ,,97230000,78564000,28932000
疯狂外星人,9,141000 ,15000 ,2770000 ,172255000,50399000,8389000
小黄人大眼萌,8.9,466000 ,393000 ,,435801000,121111000,116557000
终结者：创世纪,8.9,701000 ,381000 ,20290000 ,725358000,168126000,154393000
蚁人,8.9,668000 ,266000 ,39850000 ,671763000,272591000,76188000
复仇者联盟2：奥创纪元,8.6,1354000 ,321000 ,49860000 ,1464393000,966646000,185864000
坚不可摧,8.6,39000 ,6347 ,,36745000,14552000,4551000
灰姑娘,8.5,532000 ,75000 ,,442964000,157328000,35076000
海绵宝宝,8.5,63000 ,54000 ,,56670000,33085000,2402000
博物馆奇妙夜3,8.4,323000 ,36000 ,,322476000,29090000,28264000
极速风流,8.4,22000 ,18000 ,,20011000,11376000,3697000
超能查派,8.4,107000 ,18000 ,,103688000,64009000,16539000
极盗者,8.3,239000 ,44000 ,,248123000,76343000,18831000
蜡笔总动员,8.3,28000 ,5681 ,,6514000,3765000,1076000
绝命海拔,8.2,86000 ,49000 ,,102202000,74084000,16514000
史努比：花生大电影,8.2,31000 ,31000 ,,36669000,20017000,2665000
安妮：纽约奇缘,8.2,2826 ,3245 ,,3400000,2233000,686000
小飞侠：幻梦启航,8.1,26000 ,66000 ,,28488000,22009000,4689000
深海挑战,8.1,2547 ,9808 ,,2360000,1591000,562000
007：幽灵党,8,626000 ,268000 ,,541133000,307921000,90986000
像素大战,8,85000 ,74000 ,,100969000,77786000,12963000
移动迷宫2,7.9,215000 ,176000 ,,196857000,136784000,25006000
分歧者2：绝地反击,7.8,93000 ,44000 ,,110142000,56265000,15941000
横冲直撞好莱坞,7.7,293000 ,65000 ,,322359000,169668000,54596000
木星上行,7.7,243000 ,49000 ,,283112000,145389000,41766000
明日世界,7.7,84000 ,35000 ,,118454000,87866000,16316000
饥饿游戏3：嘲笑鸟（下）,7.6,163000 ,216000 ,,143219000,101935000,30769000
虫林大作战,8.3,2900 ,7879 ,470000 ,7739000,6635000,3371000
衣柜里的冒险王,7.9,3518 ,18000 ,410000 ,3734000,3143000,1817000
迪丽丽的奇幻巴黎,7.8,386 ,2662 ,40000 ,673000,465000,327000
监护风云,7.6,657 ,6134 ,910000 ,905000,434000,151000
爱在记忆消逝前,9,6218 ,12000 ,6990000 ,6557000,2974000,1132000
帝企鹅日记2：召唤,8.5,3787 ,20000 ,8450000 ,5692000,3829000,572000
青年马克思,8.5,2930 ,2815 ,180000 ,20784000,500000,238000
虎皮萌企鹅,8.4,6127 ,4608 ,1400000 ,8680000,6297000,683000
大坏狐狸的故事,8.3,9991 ,12000 ,4200000 ,16092000,10657000,1738000
飞鸟历险记,8.3,1475 ,10000 ,650000 ,1313000,1073000,349000
亡命救赎,8.2,12000 ,18000 ,4180000 ,14217000,11349000,5759000
了不起的菲丽西,9.1,42000 ,12000 ,,40198000,22173000,4957000
我的爸爸是森林之王,9.1,55000 ,8539 ,,56225000,15895000,7396000
星际特工：千星之城,8.3,283000 ,160000 ,,409524000,193521000,59931000
圣诞奇妙公司,8.2,3948 ,6545 ,630000 ,4932000,3020000,827000
疯狂特警队,8.2,2766 ,3336 ,260000 ,4979000,2981000,1198000
不成问题的问题,8.1,5428 ,7186 ,370000 ,7773000,5788000,1622000
嘉年华,8,21000 ,4800 ,18190000 ,22626000,12650000,2102000
刺客信条,7.4,124000 ,76000 ,,160720000,118871000,40230000
抢红,6.8,21000 ,9971 ,,16254000,13210000,5816000
境・界,7.4,5309 ,19000 ,4790000 ,3632000,3214000,1765000
龙猫,9.2,120000 ,156000 ,16020000 ,173699000,89631000,18784000
黑子的篮球・终极一战,9.1,21000 ,129000 ,560000 ,6790000,4513000,1999000
跨越8年的新娘,8.7,3771 ,9536 ,4250000 ,3117000,2160000,698000
念念手纪,8.6,6599 ,27000 ,3330000 ,4471000,2814000,1069000
恋爱回旋,8.6,21000 ,26000 ,3540000 ,18536000,11468000,3472000
生存家族,8.5,12000 ,17000 ,4030000 ,11405000,6043000,1828000
名侦探柯南：零的执行人,8.4,137000 ,133000 ,21640000 ,127366000,80883000,25897000
镰仓物语,8.4,38000 ,73000 ,19460000 ,48511000,25240000,6952000
浪矢解忧杂货店,8.4,35000 ,72000 ,6490000 ,28763000,16802000,6268000
玛丽与魔女之花,8.3,15000 ,40000 ,3750000 ,20622000,5971000,1668000
哆啦A梦：大雄的金银岛,8.2,139000 ,105000 ,15380000 ,209285000,157441000,83924000
小偷家族,8.1,61000 ,107000 ,27130000 ,96749000,48395000,13399000
昼颜,8.1,15000 ,25000 ,26150000 ,14337000,7554000,2472000
哥斯拉：怪兽行星,7.8,2499 ,25000 ,390000 ,1615000,1050000,263000
肆式青春,7.7,7800 ,48000 ,6990000 ,2827000,1498000,906000
第三度嫌疑人,7.7,3608 ,13000 ,820000 ,4522000,2248000,691000
刀剑神域：序列之争,9.2,97000 ,78000 ,,53946000,40710000,11920000
哆啦A梦：大雄的南极冰冰凉大冒险,8.6,121000 ,46000 ,1250000 ,148896000,115143000,33896000
深夜食堂2,8.4,14000 ,26000 ,,13880000,11421000,4320000
精灵宝可梦：波尔凯尼恩与机巧的玛机雅娜,8.4,20000 ,14000 ,2120000 ,25650000,15464000,8483000
声之形,8.3,67000 ,53000 ,5400000 ,44539000,33096000,9510000
与君相恋100次,8.2,19000 ,18000 ,,13465000,9122000,3816000
银魂 真人版,7.9,98000 ,131000 ,,81430000,60992000,22531000
火影忍者剧场版：博人传,9.3,171000 ,76000 ,,103053000,61606000,19149000
你的名字。,9.2,734000 ,277000 ,,575681000,286534000,76291000
航海王之黄金城,9,152000 ,118000 ,,107161000,69782000,23680000
垫底辣妹,8.9,56000 ,17000 ,,37449000,21370000,6179000
名侦探柯南：纯黑的恶梦,8.6,43000 ,43000 ,,31035000,23086000,5222000
蜡笔小新：梦境世界大突击,8.5,25000 ,28000 ,,22425000,16442000,3128000
哆啦A梦：新・大雄的日本诞生,8.4,173000 ,123000 ,,103403000,54379000,16269000
寄生兽,8.4,63000 ,42000 ,,48232000,25161000,6936000
樱桃小丸子：来自意大利的少年,8.3,26000 ,50000 ,,25840000,18986000,4909000
龙珠Z：复活的弗利萨,7.9,12000 ,27000 ,,10983000,9164000,1935000
圣斗士星矢：圣域传说,7.6,43000 ,48000 ,,37788000,29380000,9271000
