0,1,2,3,4,5,6,7,8,9,10,11
17,66.19444444,548,1302.327116,45,163,181,20,34,9,13,128
8,68.38888889,152,124.2696628,43,38,0,12,0,12,14,76
23,65.875,679,1014.043585,60,163,214,64,51,17,13,157
1,75,3,0.371233333,3,0,0,0,0,0,1,2
35,65.97222222,756,853.3259153,72,163,215,110,46,30,20,172
1,75,9,8.19198,5,0,0,0,0,0,1,8
30,65.9516129,655,958.3017823,62,163,182,83,29,22,20,156
30,65.91935484,764,887.6892114,70,163,214,110,63,30,20,164
18,65.71052632,126,64.329336,25,1,1,46,12,13,0,53
28,65.75862069,545,344.4708323,65,1,215,90,45,22,20,152
29,65.81666667,395,265.2445304,56,1,138,63,28,22,20,123
26,65.85185185,378,289.6770412,51,1,138,63,28,22,14,112
29,65.96666667,516,1006.912563,52,163,105,66,29,15,20,118
20,65.76190476,170,54.08976571,35,1,2,46,12,22,14,73
18,65.71052632,158,58.43384839,31,1,1,46,12,22,14,62
30,65.77419355,539,349.0319828,64,1,215,90,45,22,20,146
30,65.82258065,388,274.3234556,54,1,138,63,28,22,20,116
16,65.67647059,141,60.35422143,28,1,1,46,12,13,7,61
30,65.9516129,529,970.3573981,54,163,105,66,29,15,20,131
17,65.69444444,151,59.05343333,30,1,1,46,12,15,14,62
16,65.67647059,150,61.02105862,29,1,1,46,12,15,14,61
26,65.85185185,335,300.2181298,47,1,138,46,12,22,14,102
26,65.85185185,337,300.6420277,47,1,138,46,12,22,14,104
15,67.25,186,72.11583333,48,0,1,23,29,11,10,112
21,66.15909091,450,1236.256424,42,163,103,20,29,20,14,101
16,65.67647059,112,38.98503462,26,1,1,18,12,15,14,51
28,65.84482759,370,283.4179765,51,1,137,63,12,22,20,115
36,65.95945946,754,830.7727784,74,164,215,110,46,22,20,177
17,66.19444444,546,1302.327116,45,163,181,20,34,9,13,126
13,67.42857143,327,82.8843241,83,0,50,17,30,43,0,187
10,67.31818182,255,79.29734,70,1,44,19,18,9,8,156
28,65.89655172,389,279.8739075,53,1,138,63,28,22,20,117
31,65.859375,734,832.3270685,73,163,215,83,46,22,20,185
14,67.36666667,333,80.92394535,86,0,50,18,30,43,0,192
11,67.33333333,248,80.59305217,69,1,45,19,18,9,8,148
28,65.82758621,393,275.0600037,54,1,138,63,28,22,20,121
11,68.70833333,63,13.28917727,22,0,0,17,9,4,6,27
1,75,1,0.3693,1,0,0,0,1,0,0,0
7,66.625,73,21.56406667,27,0,0,0,9,4,7,53
11,67.45833333,391,113.2330654,78,0,54,35,27,53,29,193
15,65.625,351,121.7035556,81,0,52,78,22,25,31,143
5,66.83333333,135,40.20141304,23,0,0,20,18,43,13,41
6,66.57142857,286,101.1963233,30,65,70,44,20,72,0,15
10,67.72727273,279,69.54240156,64,0,26,0,12,47,19,175
17,65.66666667,333,123.042018,89,0,53,43,36,25,36,140
4,66.7,112,34.06195714,42,0,18,0,8,25,18,43
7,67.4375,357,125.2564424,33,65,127,29,42,53,22,19
13,66.89285714,393,126.054092,75,0,76,35,12,55,29,186
8,67.16666667,210,53.44357105,38,0,1,20,30,52,32,75
1,70,48,15.48638182,11,0,5,9,13,15,1,5
18,66.07894737,409,130.7319954,87,0,53,78,36,29,31,182
15,65.625,361,120.797812,83,0,52,78,31,25,31,144
0,70,37,31.04943333,6,0,29,4,0,0,2,2
9,67.3,93,19.68032647,34,0,0,0,14,12,14,53
5,66.83333333,130,42.89092381,21,0,0,20,18,43,13,36
2,70.5,60,30.1935375,8,0,18,13,10,15,0,4
17,66,508,898.7076849,53,163,112,57,17,8,24,127
5,72.25,73,35.54867,20,0,0,0,9,11,4,49
7,65.875,328,159.9802403,62,0,51,51,31,44,20,131
19,66.05,432,123.3457916,95,0,53,78,36,36,31,198
17,66.05555556,372,119.9997452,84,0,51,78,22,25,31,165
11,67.66666667,272,71.7943875,64,0,27,0,12,47,19,167
1,75,1,0.3693,1,0,0,0,1,0,0,0
2,70.5,39,32.29528,5,0,18,0,10,8,0,3
7,67,352,112.9281943,35,65,127,44,20,80,0,16
8,67.88888889,222,56.73652941,34,0,58,20,29,43,22,50
16,65.64705882,305,109.8247337,89,0,52,43,23,15,26,146
17,66.05555556,367,131.6849506,77,0,51,78,22,36,31,149
5,66.83333333,209,67.75328929,28,0,57,20,29,43,22,38
11,66.625,192,84.19620492,61,26,17,31,14,17,29,58
5,67.16666667,275,118.5333583,24,64,69,53,26,57,0,6
9,68.15,183,80.72564468,47,0,20,23,13,11,8,108
5,66.83333333,160,50.373032,25,0,1,20,29,43,31,36
11,67.66666667,282,75.80529231,78,1,42,20,15,11,18,175
11,67.45833333,400,107.6482357,84,0,54,51,28,43,19,205
5,68.5,88,29.47087143,28,0,0,12,0,12,5,59
8,68.33333333,300,105.9827241,29,65,69,44,30,80,0,12
11,66.625,192,84.19620492,61,26,17,31,14,17,29,58
4,70.2,30,13.82702857,14,0,0,0,0,4,6,20
17,65.66666667,392,162.5412259,85,0,78,78,36,36,31,133
10,68.59090909,49,14.03524444,18,0,0,11,9,4,6,19
11,67.66666667,272,71.7943875,64,0,27,0,12,47,19,167
9,66.65,244,84.10757949,78,0,28,13,23,27,35,118
15,65.59375,291,116.5384663,83,0,52,43,23,15,26,132
12,66.19230769,151,109.3296756,41,27,18,24,11,23,14,34
7,66.125,150,33.28746207,58,0,0,21,15,17,31,66
12,66.57692308,192,83.9350459,61,26,17,31,14,21,23,60
4,66.7,100,39.66481429,35,0,18,0,8,22,16,36
15,66.59375,168,93.36363,50,27,18,24,16,23,20,40
6,68.28571429,177,169.4992,49,38,26,1,0,12,14,86
16,65.64705882,398,147.6260484,93,0,79,78,36,25,31,149
9,67.3,76,19.64795667,30,0,0,0,9,8,10,49
10,66.86363636,157,105.9126714,42,27,18,16,22,23,12,39
15,66.59375,188,97.38096111,54,27,18,37,16,23,20,47
9,66.45,130,48.04434138,29,0,1,40,20,8,18,43
10,67.54545455,83,19.65683226,31,0,0,0,14,12,10,47
10,66.86363636,151,110.21215,40,27,18,16,22,23,12,33
10,66.86363636,144,118.0688514,37,27,18,16,22,23,12,26
12,66.57692308,192,83.9350459,61,26,17,31,14,21,23,60
9,65.85,321,164.8933556,63,0,52,66,43,29,28,103
10,67.54545455,101,19.05771714,35,0,0,11,14,12,10,54
6,69.07142857,108,33.09593636,33,0,0,12,11,12,5,68
7,66.625,82,19.6729697,33,0,0,0,9,0,7,66
17,66.11111111,348,211.5430708,48,0,111,85,17,15,31,89
11,67.16666667,150,113.0357359,39,27,18,16,22,23,12,32
14,67.73333333,384,85.65626596,94,1,50,18,30,43,19,223
7,69,97,26.86216061,33,0,0,12,0,12,9,64
15,66.625,173,91.40530588,51,27,18,24,16,23,14,51
22,65.93478261,694,937.9673141,64,163,213,90,33,24,31,140
5,68.5,147,149.1617028,36,38,0,19,0,21,9,60
6,67.35714286,63,24.26256842,19,0,1,13,11,0,0,38
20,66.02380952,454,415.5555569,51,0,213,72,17,15,31,106
16,65.64705882,299,109.0832341,88,0,52,43,23,15,26,140
13,66.5,124,45.25672963,27,0,1,40,17,8,18,40
9,66.3,136,113.0094784,37,27,18,16,11,23,12,29
9,68.7,64,22.66113636,22,0,0,0,9,8,8,39
10,67.54545455,101,19.05771714,35,0,0,11,14,12,10,54
10,66.36363636,133,48.66237931,29,0,1,40,20,8,18,46
21,66.04545455,516,887.7543185,54,163,111,44,33,8,24,133
19,66.05,466,403.8573736,53,0,213,90,17,15,31,100
7,67,291,104.6168862,29,65,69,44,20,80,0,13
13,66.14285714,311,219.9862884,43,0,111,57,17,8,24,94
21,66.02272727,515,882.0720019,54,163,111,57,17,15,24,128
30,65.77419355,539,349.0319828,64,1,215,90,45,22,20,146
11,66.5,183,42.70113881,67,0,18,28,20,18,32,67
1,75,42,15.1885,4,17,23,0,0,0,2,0
28,66.10344828,754,843.4007625,88,139,275,34,66,1,21,218
39,65.45,982,775.4739018,110,139,276,144,65,39,14,305
16,66.97058824,417,563.0644017,60,0,186,34,65,0,0,132
48,65.89795918,739,302.3105908,130,0,97,120,110,18,15,379
18,66.23684211,402,281.199814,86,0,96,34,70,5,0,197
31,65.859375,458,251.4985939,98,0,96,34,66,1,0,261
1,75,18,10.550175,4,0,16,0,1,1,0,0
20,66.0952381,399,291.5601964,83,0,96,34,70,5,0,194
33,65.83823529,592,325.4377459,109,0,186,34,66,2,0,304
8,67,418,1583.034928,32,139,179,0,0,0,29,71
45,65.65217391,614,245.984282,122,0,97,34,110,17,15,341
12,66.03846154,500,1166.645949,45,139,179,0,28,21,29,104
9,67.15,115,1017.696873,15,0,64,35,7,4,2,3
5,70.41666667,31,16.01948667,15,1,11,5,7,2,2,3
11,67.33333333,126,696.2112955,22,0,64,23,10,8,1,20
20,66.0952381,400,288.1129595,84,0,96,34,70,5,0,195
36,65.48648649,910,943.9402416,89,139,276,143,62,23,14,253
30,65.87096774,466,239.7067981,103,0,96,34,66,1,0,269
42,65.6627907,765,298.1199221,131,0,97,144,110,19,15,380
16,66.52941176,394,305.788481,79,0,96,34,70,5,0,189
41,65.45238095,942,837.2718574,101,139,276,143,65,39,14,266
15,67,250,494.4326143,42,0,64,57,34,9,0,86
15,67,250,494.4326143,42,0,64,57,34,9,0,86
3,68.5,24,13.92681538,13,0,0,3,0,2,0,19
11,67.33333333,126,696.2112955,22,0,64,23,10,8,1,20
11,67.08333333,129,767.973165,20,0,64,23,9,12,0,21
4,66.8,110,85.75282121,33,0,0,23,22,9,0,56
10,67.72727273,113,896.3765529,17,1,64,28,7,8,2,3
11,67.33333333,126,696.2112955,22,0,64,23,10,8,1,20
10,66.77272727,122,849.4384556,18,0,64,23,9,8,0,18
6,68,22,15.50364,15,1,0,5,2,4,1,9
14,66.43333333,419,326.5298118,51,0,161,45,50,27,10,126
38,65.87179487,788,162.5933067,150,0,2,148,95,36,56,451
28,66.56896552,78,46.2593087,23,0,30,0,11,20,7,10
2,74.5,7,10.96155,2,0,0,0,0,6,0,1
10,67.86363636,106,1081.341843,14,0,64,25,7,4,2,4
43,66.31818182,800,1121.984015,72,237,89,174,29,21,74,176
19,67.525,41,18.88423846,13,0,13,5,9,8,2,4
44,66.38888889,378,149.1519417,72,0,0,116,1,0,57,204
11,66.91666667,312,1323.660676,25,98,73,80,0,0,20,41
16,67.97058824,72,15.32285,20,0,0,6,9,0,0,57
2,74.5,22,17.26798333,6,0,0,10,3,6,2,1
2,74.5,20,14.53198571,7,0,5,5,7,0,2,1
21,66.31818182,376,713.0014511,47,98,73,50,0,0,44,111
17,71,192,40.53021429,42,0,27,1,16,11,12,125
44,66.38888889,378,149.1519417,72,0,0,116,1,0,57,204
40,66.01219512,444,771.468636,50,98,73,93,9,0,43,128
24,66.2,387,728.4985065,46,98,73,50,9,0,43,114
44,66.73333333,416,173.978213,69,0,0,156,1,0,46,213
31,66.375,112,21.26708824,34,0,0,0,1,0,18,93
9,66.45,121,46.91405,28,0,1,40,11,8,18,43
5,72.41666667,3,1.9923,1,0,0,3,0,0,0,0
27,68.64285714,394,90.992,88,0,1,63,30,19,30,251
42,65.88372093,797,165.4646103,145,0,2,148,73,36,69,469
45,65.82608696,829,194.3133782,142,0,2,206,73,37,68,443
18,66.23684211,391,297.3796827,81,0,96,34,70,5,0,186
33,65.83823529,592,325.4377459,109,0,186,34,66,2,0,304
42,65.77906977,829,191.1441568,146,0,2,206,74,37,55,455
39,65.85,811,196.3836496,139,0,2,206,73,37,57,436
45,65.75,796,192.6601951,143,0,2,206,74,37,41,436
48,65.89795918,734,304.2958566,129,0,97,120,110,18,15,374
44,65.68888889,889,409.0239198,131,0,187,178,110,18,15,381
3,70.875,17,25.90773333,3,0,14,0,0,0,3,0
45,65.66304348,803,299.2886162,136,0,97,144,110,18,15,419
30,65.87096774,456,256.6966417,96,0,96,34,66,1,0,259
41,65.6547619,813,388.2468336,125,0,187,144,82,19,15,366
17,65.88888889,667,1108.849257,56,139,179,118,28,22,40,141
17,66.83333333,433,521.87224,65,0,186,34,65,0,0,148
38,65.47435897,948,874.5998732,97,139,276,144,62,39,14,274
29,65.61666667,794,922.0021469,81,139,275,58,64,22,29,207
33,65.83823529,590,325.2558156,109,0,186,34,66,2,0,302
6,70.85714286,14,19.9231,1,0,14,0,0,0,0,0
10,71.04545455,75,159.5765,3,58,14,3,0,0,0,0
6,72.35714286,17,10.9577,2,0,14,3,0,0,0,0
16,66.64705882,254,48.4252375,64,0,0,1,37,1,22,193
17,70.41666667,187,42.33433158,19,0,67,39,68,0,0,13
16,66.64705882,254,48.4252375,64,0,0,1,37,1,22,193
8,71.72222222,72,238.3686,2,58,14,0,0,0,0,0
8,71.72222222,72,238.3686,2,58,14,0,0,0,0,0
8,71.72222222,72,238.3686,2,58,14,0,0,0,0,0
5,72.41666667,3,1.9923,1,0,0,3,0,0,0,0
0,75,0,,0,0,0,0,0,0,0,0
5,72.41666667,3,1.9923,1,0,0,3,0,0,0,0
11,67.33333333,126,696.2112955,22,0,64,23,10,8,1,20
27,65.78571429,495,105.5289702,94,0,1,103,29,17,43,302
15,72.625,141,38.26782727,11,0,47,63,28,0,3,0
3,69.25,97,42.78130714,14,0,45,0,7,16,14,15
11,72.66666667,120,40.35211111,9,0,47,60,10,0,3,0
28,66.44827586,513,102.9113439,98,0,1,103,29,17,43,320
13,69.82142857,110,19.29058,15,0,16,36,44,0,1,13
11,72.66666667,120,40.35211111,9,0,47,60,10,0,3,0
36,66.08108108,682,158.1573217,129,0,2,188,29,36,43,384
5,72.41666667,51,25.031925,8,0,9,4,36,0,0,2
19,70.375,187,42.33433158,19,0,67,39,68,0,0,13
15,72.625,135,36.45662727,11,0,47,48,37,0,3,0
0,75,0,,0,0,0,0,0,0,0,0
11,72.66666667,120,40.35211111,9,0,47,60,10,0,3,0
19,70.375,187,42.33433158,19,0,67,39,68,0,0,13
0,75,11,10.0079,2,0,0,10,0,0,1,0
10,73.22727273,100,37.14538889,9,0,47,14,37,0,0,2
17,70.30555556,173,43.37823333,18,0,67,28,67,0,0,11
19,70.375,187,42.33433158,19,0,67,39,68,0,0,13
20,70.5952381,211,45.824495,20,0,91,39,68,0,0,13
27,66.55357143,418,81.94476042,96,0,0,0,81,18,37,282
16,70.44117647,198,39.25562381,21,0,67,49,68,0,1,13
18,70.36842105,162,30.04001176,17,0,42,42,68,0,0,10
17,70.30555556,192,42.20993,20,0,67,39,67,6,0,13
19,70.375,187,42.33433158,19,0,67,39,68,0,0,13
20,70.5952381,211,45.824495,20,0,91,39,68,0,0,13
19,70.375,187,42.33433158,19,0,67,39,68,0,0,13
25,69.34615385,468,84.80558155,103,0,1,1,109,19,41,297
20,70.5952381,211,45.824495,20,0,91,39,68,0,0,13
29,66.08333333,378,80.20864348,92,0,0,0,65,17,26,270
19,70.375,187,42.33433158,19,0,67,39,68,0,0,13
32,65.95454545,365,75.55655326,92,0,0,0,65,1,26,273
15,69.84375,144,28.845225,16,0,40,39,52,0,0,13
33,66.02941176,634,114.7358286,133,0,2,63,95,35,56,383
35,66.02777778,773,171.3851652,141,0,2,148,94,36,56,437
19,70.6,162,30.04001176,17,0,42,42,68,0,0,10
24,65.58,339,120.8544432,74,0,1,0,90,0,15,233
28,66.05172414,362,100.2347532,77,0,0,0,82,17,37,226
45,65.79347826,547,83.58179,130,0,2,1,93,18,28,405
24,65.58,341,119.31814,75,0,1,0,90,0,15,235
35,66.06944444,478,81.80526609,115,0,1,1,65,34,38,339
18,65.63157895,230,46.20105152,66,0,0,0,18,16,15,181
17,65.63888889,194,41.95226333,60,0,0,0,18,16,15,145
28,66.12068966,400,85.55134211,95,0,0,0,82,18,37,263
31,66.140625,554,78.39359769,130,0,1,1,95,18,52,387
31,66.09375,410,79.08195253,99,0,0,0,65,18,37,290
24,65.6,364,97.99797436,78,0,0,0,81,16,26,241
27,66.125,404,84.86779479,96,0,0,0,82,18,37,267
29,66,553,270.563162,79,0,161,45,82,17,37,211
4,68.5,75,45.50997,20,0,0,15,4,11,9,36
23,65.64583333,374,100.5105734,79,0,0,0,82,17,36,239
14,66.43333333,419,326.5298118,51,0,161,45,50,27,10,126
33,66,381,79.13792128,94,0,0,0,65,18,27,271
28,66.48275862,103,57.75010345,29,0,18,15,11,39,8,12
41,65.86904762,473,75.67273193,119,0,1,1,65,18,27,361
12,66.30769231,358,379.1930439,41,1,161,45,15,27,19,90
1,75,38,15.531325,4,1,24,13,0,0,0,0
25,66.73076923,72,75.67165789,19,0,18,20,9,14,5,6
28,66.56896552,78,46.2593087,23,0,30,0,11,20,7,10
17,67,46,45.67469333,15,0,1,15,4,6,5,15
19,67.525,44,18.95844286,14,0,13,5,9,8,5,4
3,70.875,17,25.90773333,3,0,14,0,0,0,3,0
10,66.36363636,392,342.6316771,48,0,161,60,32,27,9,103
1,75,38,15.531325,4,1,24,13,0,0,0,0
11,65.79166667,366,377.783531,42,1,161,60,15,27,12,90
29,66.5,103,57.75010345,29,0,18,15,11,39,8,12
30,66.41935484,82,40.89603333,27,0,18,0,15,32,5,12
27,65.91071429,118,53.38347647,34,1,18,15,11,39,8,26
28,66.56896552,78,46.2593087,23,0,30,0,11,20,7,10
14,65.96666667,126,48.67619,30,1,0,15,20,29,18,43
24,66.72,68,55.43634444,18,0,30,5,9,14,5,5
30,66.5483871,78,64.4173913,23,0,18,15,9,23,5,8
25,66.05769231,118,53.38347647,34,1,18,15,16,39,11,18
22,66.76086957,93,44.52458077,26,0,32,0,11,34,5,11
27,66.46428571,103,57.75010345,29,0,18,15,11,39,8,12
31,66.46875,111,53.25956061,33,1,18,15,11,39,8,19
32,66.59090909,111,53.25956061,33,1,18,15,11,39,8,19
31,66.546875,85,61.734468,25,0,18,15,15,23,5,9
27,66.07142857,112,51.74274706,34,1,18,15,11,39,8,20
27,66.46428571,103,57.75010345,29,0,18,15,11,39,8,12
15,66.59375,419,311.7079667,54,0,161,45,37,16,22,138
27,66.46428571,103,57.75010345,29,0,18,15,11,39,8,12
13,71.42857143,114,29.17165,8,30,71,13,0,0,0,0
30,66.41935484,82,40.89603333,27,0,18,0,15,32,5,12
36,66.51351351,105,59.11157586,29,0,18,15,15,30,8,19
13,71.42857143,125,27.92266667,9,30,71,24,0,0,0,0
0,70,13,219.9701,1,13,0,0,0,0,0,0
0,70,0,,0,0,0,0,0,0,0,0
0,75,0,,0,0,0,0,0,0,0,0
13,71.42857143,114,29.17165,8,30,71,13,0,0,0,0
13,71.42857143,112,33.28728571,7,30,71,11,0,0,0,0
13,71.42857143,112,33.28728571,7,30,71,11,0,0,0,0
13,71.42857143,114,29.17165,8,30,71,13,0,0,0,0
0,75,0,,0,0,0,0,0,0,0,0
13,71.42857143,114,29.17165,8,30,71,13,0,0,0,0
44,66.35555556,526,623.1208254,67,98,73,116,1,0,67,171
13,71.42857143,114,29.17165,8,30,71,13,0,0,0,0
13,71.42857143,114,29.17165,8,30,71,13,0,0,0,0
6,72.07142857,51,25.031925,8,0,9,4,36,0,0,2
46,66.18085106,428,168.8477595,74,0,0,116,29,21,65,197
2,67.33333333,48,26.06462222,9,0,12,0,7,16,7,6
13,71.42857143,114,29.17165,8,30,71,13,0,0,0,0
30,65.67741935,496,778.2266308,52,98,73,93,28,21,54,129
48,66.06122449,762,304.2130757,103,0,1,322,30,56,27,326
45,66.23913043,575,242.3435714,84,0,0,276,1,18,27,253
44,66.25555556,558,629.4593515,68,98,73,149,1,0,67,170
44,66.3,379,152.4315971,70,0,0,116,1,0,46,216
47,66.17708333,426,168.7443378,74,0,0,116,29,21,65,195
26,66.22222222,452,762.8001216,51,98,73,110,0,0,54,117
43,66.36363636,358,154.6817809,68,0,0,116,1,0,46,195
45,66.23913043,510,526.9056718,71,98,0,116,29,21,60,186
11,66.91666667,312,1323.660676,25,98,73,80,0,0,20,41
40,65.65853659,451,719.4419352,54,98,73,93,1,0,55,131
29,65.68333333,496,778.2266308,52,98,73,93,28,21,54,129
37,66.90789474,340,98.64711364,66,0,0,96,1,0,27,216
42,66.76744186,393,187.7466016,63,0,0,156,1,0,37,199
41,66,463,683.3591649,57,98,73,93,1,0,55,143
20,66.45238095,693,929.9169537,67,139,179,118,29,22,32,174
45,66.33695652,354,155.1581224,67,0,0,116,1,0,40,197
41,66.85714286,315,185.5225491,55,0,0,116,1,0,33,165
45,66.22826087,372,155.3374957,69,0,0,116,1,0,57,198
38,66.01282051,771,1198.962482,67,237,162,93,29,21,62,167
39,66.3625,444,146.8458636,77,0,0,158,1,18,41,226
46,66.22340426,584,612.9102648,71,98,73,116,29,21,60,187
39,66.8375,336,98.37543485,66,0,0,96,1,0,27,212
11,66.91666667,312,1323.660676,25,98,73,80,0,0,20,41
27,66.23214286,523,146.7998753,89,0,1,158,29,17,55,263
48,66.18367347,425,168.8477595,74,0,0,116,29,21,66,193
39,66.3625,438,143.5053244,78,0,0,158,1,18,27,234
42,66.91860465,311,188.5892056,54,0,0,116,1,0,33,161
42,66.8372093,325,173.6324576,59,0,0,116,1,0,33,175
11,66.91666667,312,1323.660676,25,98,73,80,0,0,20,41
44,66.35555556,526,623.1208254,67,98,73,116,1,0,67,171
45,66.26086957,525,656.8492694,62,98,73,93,29,21,55,156
31,66.140625,583,134.1755683,104,0,1,159,29,18,55,321
45,66.22826087,373,153.13141,70,0,0,116,1,0,57,199
42,66.8372093,319,179.0543175,57,0,0,116,1,0,33,169
30,66.4516129,811,770.4916092,87,139,180,143,29,23,27,270
24,65.64,680,1109.869123,56,139,179,118,28,22,58,136
41,66,465,671.5820241,58,98,73,93,1,0,55,145
43,66.77272727,399,182.3120954,65,0,0,156,1,0,37,205
39,66,768,1198.66943,67,237,162,93,29,21,62,164
29,66.23333333,540,142.5210602,93,0,1,158,29,18,55,279
38,66.61538462,781,246.3930212,113,0,2,302,30,35,56,356
38,66.61538462,692,226.876526,104,0,2,244,29,34,55,328
19,66.05,421,124.4946882,93,0,53,78,36,36,31,187
21,65.75,336,331.9748233,43,1,137,63,12,22,14,87
9,68.05,85,52.03843913,23,0,1,21,16,4,10,33
14,65.83333333,504,1711.429712,34,163,180,20,34,0,6,101
12,67.23076923,371,84.21694592,98,1,69,19,18,34,18,212
18,65.78947368,609,1215.476073,49,163,181,64,51,8,6,136
10,66.86363636,157,105.9126714,42,27,18,16,22,23,12,39
18,66.18421053,466,1217.778849,43,163,103,20,34,20,6,120
7,67.625,90,54.80503333,21,0,0,15,19,11,9,36
8,68.38888889,162,113.0761812,48,38,0,12,0,12,14,86
42,66.8372093,324,176.6198276,58,0,0,116,1,0,33,174
18,66.89473684,355,771.3332233,43,98,73,50,0,0,31,103
6,67.5,93,44.80613889,18,0,0,56,0,0,7,30
22,66.15217391,380,712.1774617,47,98,73,50,0,0,43,116
16,67.20588235,187,61.59469811,53,0,1,23,13,11,10,129
27,65.78571429,506,104.3681135,96,0,1,103,29,17,43,313
6,67.5,93,44.80613889,18,0,0,56,0,0,7,30
25,66.82692308,688,1075.187543,58,139,179,118,29,22,49,152
6,69.78571429,204,1368.083,7,171,23,0,0,7,3,0
5,71.5,28,10.47293333,6,0,23,0,0,2,3,0
19,66.05,438,121.4178093,97,0,53,78,36,36,31,204
12,66.57692308,363,369.7104786,42,0,161,45,15,27,19,96
14,65.96666667,126,48.67619,30,1,0,15,20,29,18,43
42,65.88372093,790,166.2539396,144,0,2,148,73,36,69,462
42,65.89534884,789,169.6619154,143,0,2,148,93,36,56,454
19,67.525,36,18.72773,10,0,12,5,9,5,2,3
45,65.68478261,812,159.7542564,156,0,2,148,95,37,56,474
39,65.8125,803,198.1000783,138,0,2,206,73,37,57,428
15,65.875,712,1139.602286,63,139,274,58,29,22,29,161
10,71.04545455,75,159.5765,3,58,14,3,0,0,0,0
0,75,0,,0,0,0,0,0,0,0,0
41,65.67857143,780,300.5669515,132,0,98,144,107,19,16,396
50,65.61764706,800,243.0918483,151,0,98,86,108,19,27,462
8,71.72222222,72,238.3686,2,58,14,0,0,0,0,0
39,65.85,811,196.3836496,139,0,2,206,73,37,57,436
6,70.85714286,14,19.9231,1,0,14,0,0,0,0,0
42,65.77906977,815,189.9185089,146,0,2,206,74,37,55,441
34,66.07142857,718,175.5667454,130,0,2,148,73,36,41,418
15,71.90625,152,39.48513077,13,0,47,42,62,0,0,1
26,66.59259259,422,83.62628526,95,0,0,0,81,18,37,286
12,72.84615385,120,40.35211111,9,0,47,60,10,0,3,0
36,66.09459459,713,179.1111015,130,0,2,148,94,36,41,392
3,71.125,53,89.6601875,8,0,37,5,9,0,0,2
16,70.20588235,178,40.593955,20,0,67,24,65,6,0,16
3,71.125,53,89.6601875,8,0,37,5,9,0,0,2
17,70.30555556,186,43.38292105,19,0,67,39,67,0,0,13
0,75,0,,0,0,0,0,0,0,0,0
12,66.57692308,363,369.7104786,42,0,161,45,15,27,19,96
19,65.75,140,63.69364545,33,1,17,15,26,31,18,32
6,67.92857143,96,48.88269583,24,0,0,15,19,11,9,42
3,70.875,17,25.90773333,3,0,14,0,0,0,3,0
1,73.25,14,1.99615,2,0,0,10,0,0,0,4
14,72.8,120,40.35211111,9,0,47,60,10,0,3,0
11,66.625,363,369.666831,42,0,161,45,15,27,19,96
4,69.1,29,20.32158,5,0,18,5,4,2,0,0
1,73.25,10,1.9923,1,0,0,10,0,0,0,0
13,66.64285714,75,64.214375,16,0,32,0,6,28,0,9
11,66.625,363,369.666831,42,0,161,45,15,27,19,96
31,66.46875,110,54.8616625,32,1,18,15,11,39,8,18
18,65.76315789,123,63.61507742,31,1,18,15,21,31,9,28
19,67.525,41,18.88423846,13,0,13,5,9,8,2,4
30,66.5,84,64.223725,24,0,18,15,15,23,5,8
31,66.546875,93,55.91573929,28,0,18,15,15,27,5,13
13,71.42857143,112,33.28728571,7,30,71,11,0,0,0,0
30,66.41935484,81,42.39203462,26,0,18,0,15,32,5,11
8,70.72222222,22,13.67856667,6,0,14,0,0,0,3,5
14,66.36666667,366,377.783531,42,1,161,60,15,27,9,93
20,65.85714286,437,157.0323197,71,0,0,158,1,17,54,207
31,66.328125,105,54.15282581,31,0,18,15,11,39,8,14
13,71.42857143,114,29.17165,8,30,71,13,0,0,0,0
6,67.5,93,44.80613889,18,0,0,56,0,0,7,30
0,80,0,,0,0,0,0,0,0,0,0
29,65.7,460,764.7544471,51,98,73,110,0,0,54,125
4,67.7,139,375.0051059,17,0,73,0,9,0,21,36
13,71.42857143,114,29.17165,8,30,71,13,0,0,0,0
27,66.19642857,454,747.7860635,52,98,73,110,0,0,54,119
13,71.42857143,114,29.17165,8,30,71,13,0,0,0,0
41,66.26190476,400,155.4815753,73,0,0,116,1,21,57,205
46,66.22340426,584,612.9102648,71,98,73,116,29,21,60,187
48,66.15306122,427,173.2371903,72,0,0,116,29,21,65,196
15,72.625,126,38.10998,10,0,47,48,28,0,3,0
16,70.44117647,197,41.21377,20,0,67,49,68,0,0,13
13,73,135,36.45662727,11,0,47,48,37,0,3,0
13,73,120,40.35211111,9,0,47,60,10,0,3,0
11,72.66666667,120,40.35211111,9,0,47,60,10,0,3,0
23,66.02083333,287,339.1583025,40,1,104,38,29,15,14,86
11,67.91666667,287,75.63535854,82,1,45,21,18,9,18,175
7,67.25,365,112.0049833,36,65,127,44,24,80,9,16
7,67.625,142,86.2213975,40,0,25,17,17,9,0,74
19,66.225,456,1245.398121,42,163,103,20,34,20,0,116
13,66.89285714,390,127.4882946,74,0,76,35,12,55,29,183
8,68.38888889,127,24.56814375,48,0,0,12,0,12,14,89
10,67.86363636,301,79.68735366,82,1,44,21,30,9,18,178
11,67.66666667,216,76.40792131,61,1,20,24,13,11,18,129
14,67.36666667,204,75.32547222,54,0,21,23,13,11,10,126
0,85,1,19.9231,1,0,1,0,0,0,0,0
17,65.66666667,400,155.8907189,90,0,79,78,36,36,31,140
12,66.57692308,192,83.9350459,61,26,17,31,14,21,23,60
4,66.7,109,35.21717,40,0,18,0,8,22,16,45
11,66.5,187,41.83074783,69,0,18,28,20,21,32,68
8,66.77777778,125,62.82257959,49,0,17,21,10,17,28,32
16,65.64705882,305,109.8247337,89,0,52,43,23,15,26,146
11,72.66666667,120,40.35211111,9,0,47,60,10,0,3,0
13,66.14285714,311,219.9862884,43,0,111,57,17,8,24,94
9,72.05,72,238.3686,2,58,14,0,0,0,0,0
8,72.61111111,91,31.6336,25,0,0,0,15,19,8,49
23,66.91666667,687,1002.620982,62,139,179,118,28,22,32,169
28,65.89655172,389,279.8739075,53,1,138,63,28,22,20,117
48,65.82653061,569,82.36070963,135,0,2,1,94,18,38,416
9,67.9,209,81.70010714,56,1,20,23,13,11,18,123
10,67.81818182,311,82.23564167,84,1,44,21,30,20,18,177
14,67.23333333,330,86.26265238,84,1,49,18,30,43,8,181
20,66.02380952,478,387.7919527,55,0,213,85,17,15,31,117
10,67.72727273,216,60.10907231,65,1,20,4,13,11,18,149
41,65.67857143,853,382.5433977,131,0,188,144,110,19,16,376
3,73.5,55,16.32144667,15,1,39,5,3,2,4,1
45,65.68478261,834,153.2838385,161,0,2,148,94,36,56,498
42,65.77906977,829,191.1441568,146,0,2,206,74,37,55,455
31,66.546875,581,138.2604861,101,0,1,159,29,18,56,318
21,66.11363636,403,284.9577847,85,0,96,34,70,5,0,198
49,65.61,789,238.8241079,151,0,97,86,110,20,26,450
40,65.7804878,941,759.9580373,110,139,276,144,34,18,14,316
21,66.11363636,407,281.8716407,86,0,96,34,70,5,0,202
45,66.20652174,488,208.7957436,78,0,0,174,29,23,46,216
31,66.6875,97,58.46068214,28,0,18,15,11,35,5,13
25,66.44230769,570,89.5169325,120,0,1,1,109,35,66,358
45,66.18478261,487,220.0814946,74,0,0,174,29,21,57,206
34,66.58571429,525,127.4235024,41,56,107,63,93,42,44,120
32,66.78787879,890,515.4875409,44,233,274,51,118,40,136,38
45,66.36956522,643,111.5055927,55,56,134,86,93,42,46,186
34,66.58571429,525,127.4235024,41,56,107,63,93,42,44,120
10,68.95454545,80,81.74481111,36,1,19,7,13,12,16,12
8,73.27777778,98,27.01107619,21,0,23,0,17,11,13,34
9,72.7,60,10.69581667,12,0,22,27,0,0,4,7
19,68.1,98,86.99490244,41,1,29,7,25,16,8,12
42,66.3255814,651,109.8634071,56,56,134,86,93,42,46,194
16,68.26470588,62,14.06494444,9,0,0,27,23,0,0,12
9,69.85,248,4134.605512,17,114,87,10,20,5,0,12
6,72.85714286,52,20.15457778,9,0,30,19,0,0,0,3
28,67.20689655,835,537.7629049,41,233,217,67,118,59,109,32
7,68.6875,108,44.39514286,14,0,13,37,0,21,22,15
8,69.55555556,201,1936.708,5,171,12,0,0,15,0,3
19,67.9,831,1148.073756,27,404,230,48,40,15,60,34
11,68.95833333,206,1596.250833,6,171,0,0,0,23,9,3
11,72.66666667,92,16.6917625,16,0,52,30,0,0,4,6
13,67.64285714,104,73.63944651,43,0,19,11,20,20,12,22
18,68.44736842,99,88.32991463,41,1,33,13,29,8,2,13
11,72.66666667,88,14.32636875,16,0,43,33,0,0,4,8
11,72.66666667,88,14.32636875,16,0,43,33,0,0,4,8
13,68.21428571,220,72.90583043,23,0,70,37,22,21,40,30
30,67.69354839,556,338.1600853,34,232,0,68,108,49,64,35
9,68.15,21,17.60004167,12,0,4,12,0,0,0,5
2,70.66666667,17,17.64618571,7,0,0,10,5,0,0,2
0,72.5,28,22.911575,8,0,0,16,7,2,0,3
13,68.35714286,82,95.99446452,31,0,19,11,20,18,4,10
6,73.85714286,52,9.328383333,12,0,14,24,0,0,0,14
17,68.38888889,117,68.02371633,49,0,19,11,33,24,16,14
1,66.75,15,45.8281,2,0,0,14,0,0,0,1
11,69.04166667,100,68.80455217,46,1,19,7,24,14,20,15
14,71.13333333,118,40.75156429,14,0,25,9,28,9,10,37
9,68.85,110,44.09188667,15,0,14,37,0,21,15,23
11,69.04166667,102,67.79117234,47,1,19,7,24,14,22,15
24,67.8,363,272.8270552,29,94,0,95,56,29,64,25
15,68.21875,175,69.38695,18,0,57,23,0,21,46,28
21,67.5,850,556.990155,40,232,253,67,96,78,90,34
27,67.07142857,861,529.3218,42,233,217,93,118,59,109,32
29,66.95,940,471.8016796,49,233,286,67,118,66,126,44
8,72.33333333,87,18.67049375,16,0,22,47,9,0,0,9
2,73.33333333,17,69.39715,4,0,0,14,2,0,0,1
11,67.91666667,82,95.99446452,31,0,19,11,20,18,4,10
16,68.29411765,125,61.53809273,55,0,19,11,31,24,22,18
19,67.175,782,588.6402784,37,233,230,25,118,53,90,33
23,68.1875,353,304.4670741,27,94,56,26,45,18,93,21
29,67.31666667,791,573.9826132,38,233,217,68,96,59,83,35
8,76.5,225,39.65321111,27,40,32,48,74,9,0,22
22,67.2826087,883,509.2935822,45,233,287,74,73,31,143,42
14,67.96666667,271,444.2524667,18,94,56,26,0,8,74,13
28,67.51724138,561,338.7395971,34,232,0,83,108,39,64,35
15,68.3125,212,60.58455,24,0,57,23,15,26,56,35
14,68.43333333,223,71.36655,22,0,57,23,37,21,56,29
32,67.24242424,924,729.354385,40,327,273,26,118,28,111,41
11,68.625,206,70.57920476,21,0,57,40,15,42,29,23
8,68.33333333,331,2854.932236,25,114,119,5,30,32,13,18
14,68.96666667,165,24.68956364,11,63,44,18,18,12,9,1
30,67.46774194,800,559.775959,39,233,217,68,96,59,92,35
8,71.11111111,52,42.39571818,11,1,43,3,5,0,0,0
5,70.16666667,43,12.07382857,7,0,10,26,0,0,2,5
8,71.11111111,43,42.66497,10,1,33,3,6,0,0,0
8,71.11111111,52,42.39571818,11,1,43,3,5,0,0,0
1,75,2,1.9923,1,0,0,2,0,0,0,0
8,71.11111111,43,42.66497,10,1,33,3,6,0,0,0
8,71.11111111,46,44.64298,10,1,31,9,5,0,0,0
0,75,57,715.7643667,3,0,56,1,0,0,0,0
4,73.9,88,29.5469,7,0,76,11,1,0,0,0
10,67.5,215,68.61488571,28,0,27,41,33,11,24,79
5,72.08333333,60,13.28591765,17,0,5,6,0,7,0,42
8,71.11111111,52,42.39571818,11,1,43,3,5,0,0,0
14,68.7,184,56.09641667,12,64,55,44,10,5,6,0
26,66.75925926,298,115.3245377,53,0,0,96,0,7,27,168
18,74.86842105,166,29.64267187,32,0,0,39,14,22,0,91
13,77.07142857,70,36.33912,10,0,0,25,14,11,0,20
21,71.25,234,38.12003409,44,0,0,39,0,28,28,139
8,71.11111111,52,42.39571818,11,1,43,3,5,0,0,0
16,71.70588235,179,25.66497045,44,0,0,23,1,11,14,130
7,72.625,51,16.0318,9,10,5,22,0,7,2,5
28,68.12068966,475,111.8150326,43,55,93,64,77,11,24,151
4,78.8,30,23.90774,5,0,19,11,0,0,0,0
2,71.33333333,16,37.18983333,6,0,11,3,0,2,0,0
7,69.875,44,33.01988,5,0,24,0,0,0,0,20
1,73.5,77,56.52764,5,0,67,9,0,0,0,1
11,71.54166667,55,26.46928571,7,0,0,16,0,13,2,24
5,72.41666667,39,16.4329,5,0,11,26,0,0,2,0
10,67.5,215,68.61488571,28,0,27,41,33,11,24,79
25,69.40384615,387,91.90812857,42,55,28,65,55,11,24,149
4,73.9,88,29.5469,7,0,76,11,1,0,0,0
29,66.78333333,524,119.1420756,45,55,134,64,77,11,24,159
4,73.9,89,29.31524286,7,0,76,13,0,0,0,0
29,66.31666667,525,102.9691041,49,55,98,41,93,24,46,168
29,67.41666667,524,119.1420756,45,55,134,64,77,11,24,159
8,71.11111111,36,50.82295,8,1,21,9,5,0,0,0
18,69.44736842,142,51.6511875,16,0,36,31,0,13,0,62
26,68.35185185,183,52.34821,20,0,37,23,17,13,0,93
35,66.41666667,527,103.9083292,48,55,98,40,93,24,46,171
4,73.9,58,14.54825,6,0,46,11,1,0,0,0
6,68.28571429,89,43.03984,15,0,12,24,7,16,7,23
26,68.35185185,183,52.34821,20,0,37,23,17,13,0,93
5,79,50,20.17215,8,0,8,40,0,0,2,0
36,66.35135135,594,109.8129627,51,55,134,63,93,24,46,179
34,66.25714286,551,103.139528,50,55,98,63,93,24,46,172
8,70.38888889,34,40.77485,4,0,25,0,0,0,0,9
12,72.65384615,52,27.64028333,6,0,11,26,0,13,2,0
25,66.63461538,495,118.0158171,41,55,98,40,93,26,34,149
0,75,9,19.9231,1,9,0,0,0,0,0,0
35,66.02777778,593,115.5752314,51,56,134,63,93,24,46,177
34,67.68571429,509,135.6895158,38,56,107,44,121,42,32,107
4,73.9,58,14.54825,6,0,46,11,1,0,0,0
34,66.42857143,486,119.5070775,40,56,71,63,93,42,34,127
41,66.98809524,506,114.3186209,43,56,107,46,93,29,10,165
41,66.98809524,535,113.0479622,45,56,107,67,93,29,10,173
4,71.9,30,71.72325,2,0,30,0,0,0,0,0
33,67.76470588,401,129.4543515,33,56,78,46,59,29,0,133
9,72.1,105,33.37867857,14,0,1,9,47,9,10,29
45,66.85869565,615,115.2879808,52,56,134,86,93,16,46,184
45,66.86956522,596,104.9359712,52,56,107,86,93,16,46,192
30,67.80645161,306,108.2213042,24,1,101,23,66,29,10,76
30,67.91935484,390,131.0331531,32,56,78,46,59,29,0,122
31,67.84375,266,86.75140385,26,1,78,23,39,29,0,96
42,66.3255814,651,109.8634071,56,56,134,86,93,42,46,194
32,66.36363636,577,119.3159041,49,56,134,63,93,42,34,155
23,68.89583333,236,85.70334091,22,1,66,23,44,29,20,53
38,66.34615385,592,115.7652294,51,56,134,63,93,42,46,158
45,66.84782609,601,106.1693173,52,56,107,86,93,29,46,184
25,68.44230769,221,96.32161,20,1,78,23,17,29,0,73
36,66.40540541,524,123.9571905,42,56,107,63,93,42,34,129
42,66.6627907,620,117.2755942,52,56,134,86,93,27,46,178
26,68.62962963,257,117.3874053,19,1,101,23,44,29,0,59
40,66.32926829,635,113.2015648,54,56,134,86,93,42,46,178
10,70.31818182,267,3518.39931,20,114,87,13,20,21,0,12
10,72.72727273,92,16.6917625,16,0,52,30,0,0,4,6
36,66.85135135,490,131.9939,38,56,107,44,106,29,22,126
4,68.6,128,42.64524583,24,0,59,14,42,0,0,13
28,66.18965517,516,123.3225837,43,56,98,63,93,26,34,146
30,66.17741935,486,119.5070775,40,56,71,63,93,42,34,127
8,68.33333333,330,2973.872479,24,114,119,5,30,32,13,17
2,75.66666667,80,52.77535385,13,48,6,9,4,0,0,13
5,74.66666667,64,14.32020625,16,0,0,0,53,0,0,11
5,72,50,9.9953,11,0,14,24,0,0,0,12
20,68.9047619,123,64.09713208,53,0,19,14,35,21,18,16
9,71.95,160,28.20804062,32,0,36,20,80,0,0,24
16,69,79,114.6651552,29,0,29,4,27,12,0,7
7,70.8125,134,52.34305652,23,0,58,0,17,15,13,31
9,71.9,98,19.06360952,21,0,22,41,9,4,6,16
9,72.1,87,18.67049375,16,0,22,47,9,0,0,9
11,67.91666667,82,95.99446452,31,0,19,11,20,18,4,10
22,67.84782609,241,381.9205579,19,94,0,53,23,10,45,16
11,67.91666667,82,95.99446452,31,0,19,11,20,18,4,10
10,69.54545455,334,2745.893423,26,114,119,10,35,32,6,18
13,69.42857143,57,39.02940714,28,1,14,14,16,2,0,10
24,68.38,306,275.617537,27,94,0,41,44,18,84,25
2,67.5,15,45.8281,2,0,0,14,0,0,0,1
10,72.36363636,98,16.150345,20,0,28,47,9,0,0,14
10,68.90909091,175,79.8894875,16,0,57,31,15,21,41,10
10,69.13636364,84,15.48711667,24,0,9,29,9,4,6,27
27,66.91071429,905,496.4400087,46,233,286,48,118,56,126,38
10,68.63636364,48,43.09632609,23,1,14,16,8,0,0,9
3,74.25,37,102.24325,8,0,0,30,5,0,0,2
7,73.8125,58,14.91615,16,0,0,0,6,19,8,25
2,75,12,1.99384,5,0,0,10,0,2,0,0
7,72.0625,167,68.83901667,24,0,58,0,35,28,15,31
2,75,10,1.994225,4,0,0,10,0,0,0,0
19,68.775,251,363.804075,20,94,0,53,35,8,45,16
24,68.38,306,275.617537,27,94,0,41,44,18,84,25
15,69,200,61.24658947,19,0,36,42,41,58,0,23
21,68.68181818,264,316.6159261,23,94,0,41,23,8,74,24
10,72.90909091,82,13.97858,15,0,43,27,0,0,4,8
27,67.80357143,301,41.14786667,30,0,0,83,90,39,64,25
20,68.57142857,231,401.1129667,18,94,0,41,23,8,45,20
10,72.90909091,88,14.32636875,16,0,43,33,0,0,4,8
21,68.68181818,249,345.6364429,21,94,0,41,23,8,64,19
5,73,70,31.877,12,0,33,35,0,2,0,0
8,70.38888889,34,40.77485,4,0,25,0,0,0,0,9
5,69.91666667,102,13.4761625,8,0,65,18,10,0,9,0
9,69.95,116,50.75628,10,1,52,57,0,0,6,0
7,70.75,87,54.00122222,9,1,38,39,0,0,8,1
2,73,50,22.1878,10,0,0,21,5,0,11,13
4,73,89,21.7494,12,0,25,44,19,1,0,0
4,73,89,21.7494,12,0,25,44,19,1,0,0
2,75,8,1.9923,1,0,0,0,8,0,0,0
35,66.88888889,461,138.3071629,35,56,107,44,88,29,22,115
11,70.875,188,25.94540909,11,63,95,0,17,7,5,1
2,75,8,1.9923,1,0,0,0,8,0,0,0
14,68.43333333,159,24.48872727,11,63,44,18,8,12,9,5
4,74.3,115,12.47852857,7,0,75,21,9,8,2,0
13,69.75,141,24.94529,10,63,44,0,8,12,9,5
6,70.42857143,93,55.42205556,9,1,38,39,0,0,8,7
5,72.08333333,96,51.60870909,11,1,38,47,0,0,8,2
2,70.83333333,63,23.0539,7,0,45,15,0,0,3,0
5,73,70,31.877,12,0,33,35,0,2,0,0
13,69.71428571,187,22.43084615,13,63,64,18,18,12,11,1
9,69.95,116,50.75628,10,1,52,57,0,0,6,0
10,67.5,215,68.61488571,28,0,27,41,33,11,24,79
15,68.5,155,26.7376,10,63,44,18,8,12,9,1
4,72.9,45,17.0146,6,0,11,32,0,0,2,0
19,69.85,255,31.38159841,63,0,0,1,16,11,29,198
14,70.33333333,195,24.24765,12,63,97,0,17,12,5,1
12,77.76923077,68,40.15543333,9,0,0,25,14,11,0,18
15,69.96875,155,26.7376,10,63,44,18,8,12,9,1
13,68.71428571,159,24.48872727,11,63,44,18,8,12,9,5
13,69.71428571,187,22.43084615,13,63,64,18,18,12,11,1
14,68.96666667,165,24.68956364,11,63,44,18,18,12,9,1
17,68.77777778,91,95.72524595,37,1,33,15,19,8,2,13
5,71.58333333,62,23.82533571,14,0,20,10,20,0,0,12
9,71.9,165,81.80726923,13,0,36,55,45,18,0,11
1,78.75,30,24.9039,4,10,14,6,0,0,0,0
19,68.675,95,89.1031775,40,1,33,11,23,8,4,15
3,80,40,20.25516667,6,10,14,14,0,0,2,0
4,72.9,45,17.0146,6,0,11,32,0,0,2,0
12,77.76923077,70,36.33912,10,0,0,25,14,11,2,18
46,66.85106383,628,114.6915509,53,56,134,86,93,29,46,184
8,68.05555556,148,74.377315,20,0,27,20,15,0,12,74
16,67.79411765,803,1468.73651,21,404,230,25,60,43,35,6
6,69.57142857,141,39.59062593,27,0,59,23,41,0,0,18
14,73.26666667,95,13.13202632,19,0,34,48,0,0,4,9
30,67.08064516,924,729.354385,40,327,273,26,118,28,111,41
33,67.02941176,453,117.6520135,37,55,107,23,77,24,12,155
10,69.54545455,334,2745.893423,26,114,119,10,35,32,6,18
8,68.33333333,330,2973.872479,24,114,119,5,30,32,13,17
10,72.90909091,82,13.97858,15,0,43,27,0,0,4,8
9,71.9,98,19.06360952,21,0,22,41,9,4,6,16
3,75.5,57,64.28540714,14,0,0,35,17,0,0,5
14,70.93333333,168,76.1062,14,0,36,67,33,18,0,14
8,72.11111111,103,14.86325,22,0,28,47,5,4,0,19
9,72.05,189,65.16970588,17,0,36,55,33,48,0,17
6,72.07142857,30,14.58051,10,0,0,10,15,0,0,5
12,69,54,40.42249231,26,1,14,16,14,0,0,9
4,74.2,148,25.0716,32,0,27,21,78,0,0,22
1,75,1,2,1,0,0,0,0,0,0,1
17,68.61111111,89,97.78558056,36,1,33,15,15,8,4,13
6,69.78571429,33,13.4614,6,0,23,0,0,7,3,0
12,69,48,43.09632609,23,1,14,16,8,0,0,9
8,75.11111111,151,29.74625172,29,0,36,25,73,0,0,17
5,74.58333333,65,14.47589444,18,0,6,0,6,19,8,26
13,69.42857143,57,39.02940714,28,1,14,14,16,2,0,10
7,72.0625,158,67.76558333,24,0,58,0,35,18,13,34
15,68.875,94,94.20231579,38,1,33,15,25,8,0,12
0,75,15,15.4404,4,0,0,14,0,0,0,1
4,75.1,64,14.24793333,18,0,6,0,11,12,8,27
6,71.07142857,28,15.47094167,12,0,0,10,14,0,0,4
7,67,293,101.1963233,30,65,69,44,20,80,0,15
14,70.93333333,168,76.1062,14,0,36,67,33,18,0,14
2,75,12,1.99384,5,0,0,10,0,2,0,0
13,73.35714286,108,18.1457,19,0,51,49,0,0,0,8
8,72.83333333,103,19.6412625,24,0,9,9,72,0,0,13
6,77.28571429,120,14.13296667,24,0,0,20,81,0,0,19
8,70.38888889,116,50.75628,10,1,52,57,0,0,6,0
5,74,107,14.22623333,6,0,75,21,9,0,2,0
13,68.42857143,122,40.59374286,7,63,18,26,0,5,6,4
14,68.96666667,165,24.68956364,11,63,44,18,18,12,9,1
2,73,38,24.06322,10,1,0,21,5,0,3,8
2,75,8,1.9923,1,0,0,0,8,0,0,0
4,73.5,39,9.856316667,12,0,5,6,0,7,0,21
5,74,123,11.1687125,8,0,75,21,17,8,2,0
1,75,2,1.9923,1,0,0,2,0,0,0,0
13,68.32142857,164,76.7924,16,0,57,23,0,21,36,27
17,73.25,195,32.12424474,38,0,0,40,15,22,12,106
16,73.64705882,190,32.74674167,36,0,0,40,15,22,12,101
12,69,48,43.09632609,23,1,14,16,8,0,0,9
5,78.08333333,326,272.4436276,29,134,32,29,89,17,0,25
8,68.33333333,331,2854.932236,25,114,119,5,30,32,13,18
7,73.375,87,18.96906667,15,0,31,49,0,0,0,7
0,75,5,4.7924,2,0,0,3,2,0,0,0
29,67.13333333,983,658.23804,45,327,274,74,118,20,127,43
12,69,48,43.09632609,23,1,14,16,8,0,0,9
6,69.78571429,204,1368.083,7,171,23,0,0,7,3,0
11,75.125,220,37.81134483,29,40,32,29,87,9,0,23
3,73.75,84,20.98949545,22,0,13,29,24,0,0,18
7,72.1875,149,117.85047,10,48,36,13,33,9,0,10
11,67.91666667,84,93.61723437,32,0,19,11,20,20,4,10
9,67.65,349,2647.414904,27,114,120,5,25,53,13,19
28,67.12068966,861,506.2037205,44,233,230,67,118,66,109,38
14,68.96666667,90,97.30658611,36,1,29,9,25,8,8,10
13,70.64285714,163,76.17081429,14,0,36,69,33,9,0,16
1,75,9,64.3298,2,0,0,7,2,0,0,0
4,72.9,45,17.0146,6,0,11,32,0,0,2,0
20,67.21428571,873,517.6804523,44,233,286,48,118,35,106,47
10,72.81818182,110,16.31190952,21,0,36,59,0,0,0,15
13,69.42857143,189,61.66027778,18,0,36,42,33,58,0,20
20,66.9047619,904,485.9127766,47,233,286,48,118,53,126,40
8,69.55555556,215,1629.183917,6,171,12,14,0,15,0,3
29,67.03333333,921,728.91442,40,327,273,26,118,30,111,36
11,72.75,265,349.6240476,21,94,0,70,69,17,0,15
20,68.16666667,249,62.2817,28,1,70,23,22,21,72,40
8,73.5,199,38.68928846,26,40,32,52,43,9,0,23
19,67.7,908,977.0294094,32,404,230,48,99,33,60,34
14,67.53333333,643,965.1336273,22,232,230,25,63,53,26,14
27,66.875,895,482.7027766,47,233,286,25,118,66,126,41
3,75.5,105,710.4270571,14,0,52,35,13,0,0,5
26,67.18518519,907,487.3452426,47,233,287,48,118,37,143,41
1,77.5,22,8.534622222,9,0,0,14,0,0,0,8
1,71,86,58.25590833,12,48,6,17,4,0,0,11
11,77.41666667,90,58.67722,10,0,0,47,14,11,0,18
3,71.5,121,43.71678261,23,0,59,24,23,0,0,15
4,78.8,30,23.90774,5,0,19,11,0,0,0,0
4,78.8,94,285.7987375,8,0,70,24,0,0,0,0
8,72.83333333,131,32.55896818,22,40,0,18,58,0,0,15
16,68.11764706,225,63.4598087,23,0,57,23,22,21,72,30
3,73.5,96,21.23136875,16,0,0,80,7,0,0,9
11,68.625,302,3024.312257,23,114,33,40,15,48,29,23
1,70,88,281.5660375,8,0,58,27,1,0,2,0
17,77.47222222,134,29.645264,25,0,0,39,14,11,0,70
20,67.26190476,814,520.047781,42,233,230,25,118,63,108,37
13,70.67857143,79,22.45948182,11,0,0,29,0,13,2,35
13,67.5,690,935.4829,23,232,217,67,63,73,26,12
15,67.9375,136,65.13893704,27,0,0,46,0,7,0,83
19,72.575,218,46.28015526,38,0,27,40,15,22,12,102
3,79.375,40,20.25516667,6,10,14,14,0,0,2,0
22,68.73913043,159,53.3757,18,0,37,23,0,29,0,70
33,67.02941176,451,120.5655395,38,56,107,23,77,13,12,163
18,74.86842105,173,32.83300303,33,0,0,40,14,22,0,97
3,80,40,20.25516667,6,10,14,14,0,0,2,0
1,70,88,281.5660375,8,0,58,27,1,0,2,0
13,77.17857143,108,66.93051818,11,0,0,62,14,11,0,21
10,71.81818182,190,26.27016364,11,63,97,0,17,7,5,1
4,78.8,94,285.7987375,8,0,70,24,0,0,0,0
12,77.76923077,72,33.21668182,11,0,0,25,14,11,2,20
20,76.02380952,139,46.96175,18,0,0,62,14,11,0,52
21,68.88636364,134,53.76639333,15,0,36,23,0,13,0,62
7,73.6875,183,39.439936,25,40,32,52,36,0,0,23
9,71.9,152,94.85589091,11,0,36,55,33,18,0,10
2,71.33333333,97,20.09965882,17,0,0,80,7,0,0,10
2,75.66666667,94,895.1239364,11,0,61,23,4,2,0,4
9,71.9,186,69.1178125,16,0,36,55,33,48,0,14
30,67.06451613,930,479.2177208,48,233,286,74,118,40,136,43
11,72.66666667,85,14.32636875,16,0,43,30,0,0,4,8
13,77.17857143,108,66.93051818,11,0,0,62,14,11,0,21
2,70.83333333,56,23.5757,6,0,45,8,0,0,3,0
16,70.17647059,98,37.46967692,13,0,1,0,28,22,10,37
13,70.67857143,98,37.46967692,13,0,1,0,28,22,10,37
11,71.33333333,108,36.21635,14,0,1,0,38,22,10,37
4,73,91,23.90774,10,0,22,41,19,9,0,0
16,78.26470588,132,51.75993125,16,0,0,62,14,11,0,45
14,70.76666667,105,35.73263571,14,0,1,0,28,22,10,44
12,71.38461538,97,36.97797692,13,0,1,0,28,22,10,36
21,68.88636364,134,53.76639333,15,0,36,23,0,13,0,62
17,70.27777778,98,37.46967692,13,0,1,0,28,22,10,37
35,66.88888889,461,138.3071629,35,56,107,44,88,29,22,115
0,74,40,19.9231,3,0,40,0,0,0,0,0
40,67.06097561,496,116.0443357,42,56,107,46,93,29,0,165
20,69.57142857,121,40.87451333,15,0,1,0,44,13,20,43
22,67.45652174,421,153.0932467,30,56,70,63,89,26,44,73
8,71.33333333,35,40.869825,4,0,25,9,0,0,0,1
9,72.1,104,35.93783077,13,0,1,9,47,9,10,28
29,68.03333333,416,97.18398837,43,55,57,65,55,11,24,149
26,67.5,862,494.3252022,46,233,287,48,73,31,143,47
8,71.11111111,43,42.66497,10,1,33,3,6,0,0,0
18,77.05263158,126,34.21351429,21,0,0,39,14,11,0,62
41,66.22619048,640,114.4078407,54,56,134,86,93,40,46,185
13,69.71428571,137,27.49476667,9,63,44,0,8,12,9,1
10,68.04545455,77,96.86279,30,0,19,11,15,16,4,12
28,67.12068966,861,506.2037205,44,233,230,67,118,66,109,38
11,77.41666667,87,56.88414,10,0,0,47,14,11,0,15
